:IRUSD_INAAASP, Delta,0,0,0,0,0,0,0
:IRUSD_INAAASP, Gamma,-0,-0,-0,-0,-0,-0,-0
:IRUSD_INAAASP, Gamma,-0,-0,-0,-0,-0,-0,-0
:IRUSD_INAAASP, Gamma,-0,-0,-0,-0,-0,-0,-0
:IRUSD_INAAASP, Gamma,-0,-0,-0,-0,-0,-0,-0
:IRUSD_INAAASP, Gamma,-0,-0,-0,-0,-0,-0,-0
:IRUSD_INAAASP, Gamma,-0,-0,-0,-0,-0,-0,-0
:IRUSD_INAAASP, Gamma,-0,-0,-0,-0,-0,-0,-0
:IRUSD_INAASP, Delta,0,0,0,0,0,0,0
:IRUSD_INAASP, Gamma,-0,-0,-0,-0,-0,-0,-0
:IRUSD_INAASP, Gamma,-0,-0,-0,-0,-0,-0,-0
:IRUSD_INAASP, Gamma,-0,-0,-0,-0,-0,-0,-0
:IRUSD_INAASP, Gamma,-0,-0,-0,-0,-0,-0,-0
:IRUSD_INAASP, Gamma,-0,-0,-0,-0,-0,-0,-0
:IRUSD_INAASP, Gamma,-0,-0,-0,-0,-0,-0,-0
:IRUSD_INAASP, Gamma,-0,-0,-0,-0,-0,-0,-0
:IRUSD_INASP, Delta,0,0,0,0,0,0,0
:IRUSD_INASP, Gamma,-0,-0,-0,-0,-0,-0,-0
:IRUSD_INASP, Gamma,-0,-0,-0,-0,-0,-0,-0
:IRUSD_INASP, Gamma,-0,-0,-0,-0,-0,-0,-0
:IRUSD_INASP, Gamma,-0,-0,-0,-0,-0,-0,-0
:IRUSD_INASP, Gamma,-0,-0,-0,-0,-0,-0,-0
:IRUSD_INASP, Gamma,-0,-0,-0,-0,-0,-0,-0
:IRUSD_INASP, Gamma,-0,-0,-0,-0,-0,-0,-0
:IRUSD_INBBBSP, Delta,0,0,0,0,0,0,0
:IRUSD_INBBBSP, Gamma,-0,-0,-0,-0,-0,-0,-0
:IRUSD_INBBBSP, Gamma,-0,-0,-0,-0,-0,-0,-0
:IRUSD_INBBBSP, Gamma,-0,-0,-0,-0,-0,-0,-0
:IRUSD_INBBBSP, Gamma,-0,-0,-0,-0,-0,-0,-0
:IRUSD_INBBBSP, Gamma,-0,-0,-0,-0,-0,-0,-0
:IRUSD_INBBBSP, Gamma,-0,-0,-0,-0,-0,-0,-0
:IRUSD_INBBBSP, Gamma,-0,-0,-0,-0,-0,-0,-0
:IRUSD_INBBSP, Delta,0,0,0,0,0,0
:IRUSD_INBBSP, Gamma,-0,-0,-0,-0,-0,-0
:IRUSD_INBBSP, Gamma,-0,-0,-0,-0,-0,-0
:IRUSD_INBBSP, Gamma,-0,-0,-0,-0,-0,-0
:IRUSD_INBBSP, Gamma,-0,-0,-0,-0,-0,-0
:IRUSD_INBBSP, Gamma,-0,-0,-0,-0,-0,-0
:IRUSD_INBBSP, Gamma,-0,-0,-0,-0,-0,-0
:IRUSD_INBSP, Delta,0,0,0,0,0,0,0
:IRUSD_INBSP, Gamma,-0,-0,-0,-0,-0,-0,-0
:IRUSD_INBSP, Gamma,-0,-0,-0,-0,-0,-0,-0
:IRUSD_INBSP, Gamma,-0,-0,-0,-0,-0,-0,-0
:IRUSD_INBSP, Gamma,-0,-0,-0,-0,-0,-0,-0
:IRUSD_INBSP, Gamma,-0,-0,-0,-0,-0,-0,-0
:IRUSD_INBSP, Gamma,-0,-0,-0,-0,-0,-0,-0
:IRUSD_INBSP, Gamma,-0,-0,-0,-0,-0,-0,-0
:IRUSD_INCCCSP, Delta,0,0,0,0,0,0
:IRUSD_INCCCSP, Gamma,-0,-0,-0,-0,-0,-0
:IRUSD_INCCCSP, Gamma,-0,-0,-0,-0,-0,-0
:IRUSD_INCCCSP, Gamma,-0,-0,-0,-0,-0,-0
:IRUSD_INCCCSP, Gamma,-0,-0,-0,-0,-0,-0
:IRUSD_INCCCSP, Gamma,-0,-0,-0,-0,-0,-0
:IRUSD_INCCCSP, Gamma,-0,-0,-0,-0,-0,-0
:FXAUD_Forward, Delta,2.28765e+008,-3.4445e+007,3.812e+007,-1.98035e+008,1.9888e+008
:FXAUD_Forward, Gamma,-2.1549e+012,-3.022e+012,-1.215e+012,3.5483e+012,-1.8304e+012
:FXAUD_Forward, Gamma,-0,1.4024e+012,1.8557e+012,2.3907e+012,1.8422e+012
:FXAUD_Forward, Gamma,-0,-0,-2.3603e+012,5.22e+011,2.6624e+012
:FXAUD_Forward, Gamma,-0,-0,-0,-2.6329e+012,-4.6337e+012
:FXAUD_Forward, Gamma,-0,-0,-0,-0,-2.6464e+012
:FXCAD_Forward, Delta,9.164e+007,-1.38885e+008,1.10945e+008,1.98e+008,1.15205e+008
:FXCAD_Forward, Gamma,3.2719e+012,-1.8933e+012,-2.3482e+012,6.244e+011,1.2155e+012
:FXCAD_Forward, Gamma,-0,-4.3968e+012,-3.2719e+012,3.1913e+012,7.464e+011
:FXCAD_Forward, Gamma,-0,-0,-1.4009e+012,-2.551e+012,-4.957e+011
:FXCAD_Forward, Gamma,-0,-0,-0,2.892e+011,-4.3001e+012
:FXCAD_Forward, Gamma,-0,-0,-0,-0,-3.3641e+012
:FXCHF_Forward, Delta,1.32425e+008
:FXCHF_Forward, Gamma,-5.5001e+012
:FXCZK_Forward, Delta,5.755e+007,2.0809e+008,-3.0584e+008
:FXCZK_Forward, Gamma,4.865e+011,9.88e+010,-2.7421e+012
:FXCZK_Forward, Gamma,-0,-3.9025e+012,-2.0265e+012
:FXCZK_Forward, Gamma,-0,-0,-1.774e+011
:FXDKK_Forward, Delta,-2.04205e+008,1.6592e+008
:FXDKK_Forward, Gamma,-1.727e+011,2.3264e+012
:FXDKK_Forward, Gamma,-0,-1.8182e+012
:FXEUR_Forward, Delta,7.3155e+007,6.3065e+007,1.965e+006
:FXEUR_Forward, Gamma,-3.1554e+012,-2.709e+012,-3.0153e+012
:FXEUR_Forward, Gamma,-0,1.0081e+012,1.2679e+012
:FXEUR_Forward, Gamma,-0,-0,-8.82e+011
:FXGBP_Forward, Delta,-2.2868e+008,7.635e+006,1.1882e+008,2.604e+008,-7.876e+007
:FXGBP_Forward, Gamma,9.29e+011,4.599e+011,-8.312e+011,3.5838e+012,1.2868e+012
:FXGBP_Forward, Gamma,-0,1.599e+011,2.0378e+012,1.6815e+012,2.866e+011
:FXGBP_Forward, Gamma,-0,-0,-2.7248e+012,1.3401e+012,8.263e+011
:FXGBP_Forward, Gamma,-0,-0,-0,-4.0473e+012,-3.5892e+012
:FXGBP_Forward, Gamma,-0,-0,-0,-0,2.389e+011
:FXHKD_Forward, Delta,1.12485e+008,1.03655e+008,-9.9525e+007,-2.477e+007,-2.8735e+007
:FXHKD_Forward, Gamma,-2.9646e+012,-8.573e+011,-3.6235e+012,-2.8306e+012,3.1212e+012
:FXHKD_Forward, Gamma,-0,-3.3398e+012,-9.02e+010,1.1205e+012,-1.013e+011
:FXHKD_Forward, Gamma,-0,-0,-4.149e+011,-7.889e+011,-1.6485e+012
:FXHKD_Forward, Gamma,-0,-0,-0,-2.4058e+012,-1.7581e+012
:FXHKD_Forward, Gamma,-0,-0,-0,-0,-1.1357e+012
:FXJPY_Forward, Delta,-1.4179e+008,-5.146e+007,5.0245e+007,-1.3088e+008
:FXJPY_Forward, Gamma,-2.8664e+012,-1.9625e+012,8.322e+011,-6.456e+011
:FXJPY_Forward, Gamma,-0,2.6308e+012,1.506e+011,2.7276e+012
:FXJPY_Forward, Gamma,-0,-0,-4.0609e+012,-5.4966e+012
:FXJPY_Forward, Gamma,-0,-0,-0,2.9132e+012
:FXKWD_Forward, Delta,2.4581e+008,2.64645e+008,1.05175e+008,2.0496e+008,-1.06495e+008
:FXKWD_Forward, Gamma,-3.4442e+012,-1.4325e+012,-1.107e+012,2.605e+011,7.156e+011
:FXKWD_Forward, Gamma,-0,-4.5636e+012,-3.3189e+012,2.403e+011,3.0478e+012
:FXKWD_Forward, Gamma,-0,-0,-3.01e+011,8.5e+009,1.3684e+012
:FXKWD_Forward, Gamma,-0,-0,-0,-3.6282e+012,2.3483e+012
:FXKWD_Forward, Gamma,-0,-0,-0,-0,1.3264e+012
:FXMYR_Forward, Delta,-5.27e+007,-2.679e+007,-4.5375e+007,1.7035e+008,4.9585e+007
:FXMYR_Forward, Gamma,-1.2169e+012,5.1111e+012,-1.891e+012,9.167e+011,-7.0045e+012
:FXMYR_Forward, Gamma,-0,1.317e+011,-1.1595e+012,4.0205e+012,-1.393e+011
:FXMYR_Forward, Gamma,-0,-0,-3.5766e+012,6.349e+011,-1.9702e+012
:FXMYR_Forward, Gamma,-0,-0,-0,-3.193e+011,-2.041e+011
:FXMYR_Forward, Gamma,-0,-0,-0,-0,-3.5122e+012
:FXNOK_Forward, Delta,1.3889e+008,1.68985e+008,1.54435e+008,1.464e+008,1.5797e+008
:FXNOK_Forward, Gamma,-1.76e+010,-2.593e+011,-3.2e+011,1.2626e+012,7.386e+011
:FXNOK_Forward, Gamma,-0,-5.8402e+012,1.3095e+012,-4.7587e+012,1.6395e+012
:FXNOK_Forward, Gamma,-0,-0,-5.572e+011,1.3857e+012,7.833e+011
:FXNOK_Forward, Gamma,-0,-0,-0,-2.7522e+012,-6.604e+011
:FXNOK_Forward, Gamma,-0,-0,-0,-0,-1.0052e+012
:FXNZD_Forward, Delta,1.09365e+008,-2.738e+007,2.7221e+008,9.8245e+007,2.852e+007
:FXNZD_Forward, Gamma,-1.2405e+012,1.62e+011,-1.2676e+012,2.0466e+012,1.956e+011
:FXNZD_Forward, Gamma,-0,-2.3602e+012,-1.8442e+012,5.265e+011,3.6706e+012
:FXNZD_Forward, Gamma,-0,-0,-1.3037e+012,-5.087e+011,-1.7304e+012
:FXNZD_Forward, Gamma,-0,-0,-0,-2.8309e+012,-1.0915e+012
:FXNZD_Forward, Gamma,-0,-0,-0,-0,-2.1818e+012
:FXSAR_Forward, Delta,5.3055e+007,1.79105e+008,-2.2315e+007,-7.487e+007,-3.474e+007
:FXSAR_Forward, Gamma,1.4523e+012,7.291e+011,9.561e+011,1.4494e+012,3.082e+011
:FXSAR_Forward, Gamma,-0,-4.1879e+012,-7.7e+010,1.3068e+012,-7.285e+011
:FXSAR_Forward, Gamma,-0,-0,-2.519e+012,2.4315e+012,-1.876e+011
:FXSAR_Forward, Gamma,-0,-0,-0,-2.1538e+012,-5.96e+011
:FXSAR_Forward, Gamma,-0,-0,-0,-0,-1.0557e+012
:FXSEK_Forward, Delta,4.2395e+007,1.87495e+008,8.701e+007,-7.042e+007,2.7119e+008
:FXSEK_Forward, Gamma,-3.5219e+012,-1.1692e+012,-2.66e+011,-1.9431e+012,-4.511e+011
:FXSEK_Forward, Gamma,-0,8.09e+010,1.2094e+012,-5.734e+011,-1.4684e+012
:FXSEK_Forward, Gamma,-0,-0,-3.7171e+012,-6.443e+011,-2.664e+012
:FXSEK_Forward, Gamma,-0,-0,-0,2.4499e+012,-6.64e+010
:FXSEK_Forward, Gamma,-0,-0,-0,-0,-1.4738e+012
:FXSGD_Forward, Delta,-1.2379e+008,5.0455e+007,-1.2004e+008,2.6197e+008,-6.445e+007
:FXSGD_Forward, Gamma,1.0861e+012,-7.147e+011,2.4495e+012,3.406e+011,5.078e+011
:FXSGD_Forward, Gamma,-0,-2.9434e+012,-3.3114e+012,1.8892e+012,6.815e+011
:FXSGD_Forward, Gamma,-0,-0,7.93e+010,-2.742e+011,-2.1503e+012
:FXSGD_Forward, Gamma,-0,-0,-0,-2.3773e+012,1.1907e+012
:FXSGD_Forward, Gamma,-0,-0,-0,-0,-2.8145e+012
:FXZAR_Forward, Delta,-2.8225e+007,-2.324e+007,1.89925e+008,1.772e+007,2.04295e+008
:FXZAR_Forward, Gamma,-2.0291e+012,6.566e+011,8.128e+011,-1.386e+012,-1.044e+012
:FXZAR_Forward, Gamma,-0,-5.3908e+012,6.173e+011,9.588e+011,2.1706e+012
:FXZAR_Forward, Gamma,-0,-0,-1.7239e+012,1.0659e+012,-3.3319e+012
:FXZAR_Forward, Gamma,-0,-0,-0,-1.4198e+012,2.3288e+012
:FXZAR_Forward, Gamma,-0,-0,-0,-0,6.359e+011
:IRAUD_Interbank, Delta,0,0,0,0,0,0,0,0,0,0,0
:IRAUD_Interbank, Gamma,-0,-0,-0,-0,-0,-0,-0,-0,-0,-0,-0
:IRAUD_Interbank, Gamma,-0,-0,-0,-0,-0,-0,-0,-0,-0,-0,-0
:IRAUD_Interbank, Gamma,-0,-0,-0,-0,-0,-0,-0,-0,-0,-0,-0
:IRAUD_Interbank, Gamma,-0,-0,-0,-0,-0,-0,-0,-0,-0,-0,-0
:IRAUD_Interbank, Gamma,-0,-0,-0,-0,-0,-0,-0,-0,-0,-0,-0
:IRAUD_Interbank, Gamma,-0,-0,-0,-0,-0,-0,-0,-0,-0,-0,-0
:IRAUD_Interbank, Gamma,-0,-0,-0,-0,-0,-0,-0,-0,-0,-0,-0
:IRAUD_Interbank, Gamma,-0,-0,-0,-0,-0,-0,-0,-0,-0,-0,-0
:IRAUD_Interbank, Gamma,-0,-0,-0,-0,-0,-0,-0,-0,-0,-0,-0
:IRAUD_Interbank, Gamma,-0,-0,-0,-0,-0,-0,-0,-0,-0,-0,-0
:IRAUD_Interbank, Gamma,-0,-0,-0,-0,-0,-0,-0,-0,-0,-0,-0
:IRCAD_Interbank, Delta,0,0,0,0,0,0,0,0,0,0,0
:IRCAD_Interbank, Gamma,-0,-0,-0,-0,-0,-0,-0,-0,-0,-0,-0
:IRCAD_Interbank, Gamma,-0,-0,-0,-0,-0,-0,-0,-0,-0,-0,-0
:IRCAD_Interbank, Gamma,-0,-0,-0,-0,-0,-0,-0,-0,-0,-0,-0
:IRCAD_Interbank, Gamma,-0,-0,-0,-0,-0,-0,-0,-0,-0,-0,-0
:IRCAD_Interbank, Gamma,-0,-0,-0,-0,-0,-0,-0,-0,-0,-0,-0
:IRCAD_Interbank, Gamma,-0,-0,-0,-0,-0,-0,-0,-0,-0,-0,-0
:IRCAD_Interbank, Gamma,-0,-0,-0,-0,-0,-0,-0,-0,-0,-0,-0
:IRCAD_Interbank, Gamma,-0,-0,-0,-0,-0,-0,-0,-0,-0,-0,-0
:IRCAD_Interbank, Gamma,-0,-0,-0,-0,-0,-0,-0,-0,-0,-0,-0
:IRCAD_Interbank, Gamma,-0,-0,-0,-0,-0,-0,-0,-0,-0,-0,-0
:IRCAD_Interbank, Gamma,-0,-0,-0,-0,-0,-0,-0,-0,-0,-0,-0
:IRCHF_Interbank, Delta,0,0,0,0,0,0,0,0,0,0,0
:IRCHF_Interbank, Gamma,-0,-0,-0,-0,-0,-0,-0,-0,-0,-0,-0
:IRCHF_Interbank, Gamma,-0,-0,-0,-0,-0,-0,-0,-0,-0,-0,-0
:IRCHF_Interbank, Gamma,-0,-0,-0,-0,-0,-0,-0,-0,-0,-0,-0
:IRCHF_Interbank, Gamma,-0,-0,-0,-0,-0,-0,-0,-0,-0,-0,-0
:IRCHF_Interbank, Gamma,-0,-0,-0,-0,-0,-0,-0,-0,-0,-0,-0
:IRCHF_Interbank, Gamma,-0,-0,-0,-0,-0,-0,-0,-0,-0,-0,-0
:IRCHF_Interbank, Gamma,-0,-0,-0,-0,-0,-0,-0,-0,-0,-0,-0
:IRCHF_Interbank, Gamma,-0,-0,-0,-0,-0,-0,-0,-0,-0,-0,-0
:IRCHF_Interbank, Gamma,-0,-0,-0,-0,-0,-0,-0,-0,-0,-0,-0
:IRCHF_Interbank, Gamma,-0,-0,-0,-0,-0,-0,-0,-0,-0,-0,-0
:IRCHF_Interbank, Gamma,-0,-0,-0,-0,-0,-0,-0,-0,-0,-0,-0
:IRCZK_Interbank, Delta,0,0,0,0,0,0,0,0,0,0,0
:IRCZK_Interbank, Gamma,-0,-0,-0,-0,-0,-0,-0,-0,-0,-0,-0
:IRCZK_Interbank, Gamma,-0,-0,-0,-0,-0,-0,-0,-0,-0,-0,-0
:IRCZK_Interbank, Gamma,-0,-0,-0,-0,-0,-0,-0,-0,-0,-0,-0
:IRCZK_Interbank, Gamma,-0,-0,-0,-0,-0,-0,-0,-0,-0,-0,-0
:IRCZK_Interbank, Gamma,-0,-0,-0,-0,-0,-0,-0,-0,-0,-0,-0
:IRCZK_Interbank, Gamma,-0,-0,-0,-0,-0,-0,-0,-0,-0,-0,-0
:IRCZK_Interbank, Gamma,-0,-0,-0,-0,-0,-0,-0,-0,-0,-0,-0
:IRCZK_Interbank, Gamma,-0,-0,-0,-0,-0,-0,-0,-0,-0,-0,-0
:IRCZK_Interbank, Gamma,-0,-0,-0,-0,-0,-0,-0,-0,-0,-0,-0
:IRCZK_Interbank, Gamma,-0,-0,-0,-0,-0,-0,-0,-0,-0,-0,-0
:IRCZK_Interbank, Gamma,-0,-0,-0,-0,-0,-0,-0,-0,-0,-0,-0
:IREUR_Interbank, Delta,0,0,0,0,0,0,0,0,0,0,0,0
:IREUR_Interbank, Gamma,-0,-0,-0,-0,-0,-0,-0,-0,-0,-0,-0,-0
:IREUR_Interbank, Gamma,-0,-0,-0,-0,-0,-0,-0,-0,-0,-0,-0,-0
:IREUR_Interbank, Gamma,-0,-0,-0,-0,-0,-0,-0,-0,-0,-0,-0,-0
:IREUR_Interbank, Gamma,-0,-0,-0,-0,-0,-0,-0,-0,-0,-0,-0,-0
:IREUR_Interbank, Gamma,-0,-0,-0,-0,-0,-0,-0,-0,-0,-0,-0,-0
:IREUR_Interbank, Gamma,-0,-0,-0,-0,-0,-0,-0,-0,-0,-0,-0,-0
:IREUR_Interbank, Gamma,-0,-0,-0,-0,-0,-0,-0,-0,-0,-0,-0,-0
:IREUR_Interbank, Gamma,-0,-0,-0,-0,-0,-0,-0,-0,-0,-0,-0,-0
:IREUR_Interbank, Gamma,-0,-0,-0,-0,-0,-0,-0,-0,-0,-0,-0,-0
:IREUR_Interbank, Gamma,-0,-0,-0,-0,-0,-0,-0,-0,-0,-0,-0,-0
:IREUR_Interbank, Gamma,-0,-0,-0,-0,-0,-0,-0,-0,-0,-0,-0,-0
:IREUR_Interbank, Gamma,-0,-0,-0,-0,-0,-0,-0,-0,-0,-0,-0,-0
:IRGBP_Interbank, Delta,0,0,0,0,0,0,0,0,0,0,0
:IRGBP_Interbank, Gamma,-0,-0,-0,-0,-0,-0,-0,-0,-0,-0,-0
:IRGBP_Interbank, Gamma,-0,-0,-0,-0,-0,-0,-0,-0,-0,-0,-0
:IRGBP_Interbank, Gamma,-0,-0,-0,-0,-0,-0,-0,-0,-0,-0,-0
:IRGBP_Interbank, Gamma,-0,-0,-0,-0,-0,-0,-0,-0,-0,-0,-0
:IRGBP_Interbank, Gamma,-0,-0,-0,-0,-0,-0,-0,-0,-0,-0,-0
:IRGBP_Interbank, Gamma,-0,-0,-0,-0,-0,-0,-0,-0,-0,-0,-0
:IRGBP_Interbank, Gamma,-0,-0,-0,-0,-0,-0,-0,-0,-0,-0,-0
:IRGBP_Interbank, Gamma,-0,-0,-0,-0,-0,-0,-0,-0,-0,-0,-0
:IRGBP_Interbank, Gamma,-0,-0,-0,-0,-0,-0,-0,-0,-0,-0,-0
:IRGBP_Interbank, Gamma,-0,-0,-0,-0,-0,-0,-0,-0,-0,-0,-0
:IRGBP_Interbank, Gamma,-0,-0,-0,-0,-0,-0,-0,-0,-0,-0,-0
:IRJPY_Interbank, Delta,0,0,0,0,0,0,0,0,0,0,0
:IRJPY_Interbank, Gamma,-0,-0,-0,-0,-0,-0,-0,-0,-0,-0,-0
:IRJPY_Interbank, Gamma,-0,-0,-0,-0,-0,-0,-0,-0,-0,-0,-0
:IRJPY_Interbank, Gamma,-0,-0,-0,-0,-0,-0,-0,-0,-0,-0,-0
:IRJPY_Interbank, Gamma,-0,-0,-0,-0,-0,-0,-0,-0,-0,-0,-0
:IRJPY_Interbank, Gamma,-0,-0,-0,-0,-0,-0,-0,-0,-0,-0,-0
:IRJPY_Interbank, Gamma,-0,-0,-0,-0,-0,-0,-0,-0,-0,-0,-0
:IRJPY_Interbank, Gamma,-0,-0,-0,-0,-0,-0,-0,-0,-0,-0,-0
:IRJPY_Interbank, Gamma,-0,-0,-0,-0,-0,-0,-0,-0,-0,-0,-0
:IRJPY_Interbank, Gamma,-0,-0,-0,-0,-0,-0,-0,-0,-0,-0,-0
:IRJPY_Interbank, Gamma,-0,-0,-0,-0,-0,-0,-0,-0,-0,-0,-0
:IRJPY_Interbank, Gamma,-0,-0,-0,-0,-0,-0,-0,-0,-0,-0,-0
:IRMXN_Interbank, Delta,0,0,0,0,0,0,0,0,0
:IRMXN_Interbank, Gamma,-0,-0,-0,-0,-0,-0,-0,-0,-0
:IRMXN_Interbank, Gamma,-0,-0,-0,-0,-0,-0,-0,-0,-0
:IRMXN_Interbank, Gamma,-0,-0,-0,-0,-0,-0,-0,-0,-0
:IRMXN_Interbank, Gamma,-0,-0,-0,-0,-0,-0,-0,-0,-0
:IRMXN_Interbank, Gamma,-0,-0,-0,-0,-0,-0,-0,-0,-0
:IRMXN_Interbank, Gamma,-0,-0,-0,-0,-0,-0,-0,-0,-0
:IRMXN_Interbank, Gamma,-0,-0,-0,-0,-0,-0,-0,-0,-0
:IRMXN_Interbank, Gamma,-0,-0,-0,-0,-0,-0,-0,-0,-0
:IRMXN_Interbank, Gamma,-0,-0,-0,-0,-0,-0,-0,-0,-0
:IRUSD_Interbank, Delta,0,0,0,0,0,0,0,0,0,0,0,0,0,0
:IRUSD_Interbank, Gamma,-0,-0,-0,-0,-0,-0,-0,-0,-0,-0,-0,-0,-0,-0
:IRUSD_Interbank, Gamma,-0,-0,-0,-0,-0,-0,-0,-0,-0,-0,-0,-0,-0,-0
:IRUSD_Interbank, Gamma,-0,-0,-0,-0,-0,-0,-0,-0,-0,-0,-0,-0,-0,-0
:IRUSD_Interbank, Gamma,-0,-0,-0,-0,-0,-0,-0,-0,-0,-0,-0,-0,-0,-0
:IRUSD_Interbank, Gamma,-0,-0,-0,-0,-0,-0,-0,-0,-0,-0,-0,-0,-0,-0
:IRUSD_Interbank, Gamma,-0,-0,-0,-0,-0,-0,-0,-0,-0,-0,-0,-0,-0,-0
:IRUSD_Interbank, Gamma,-0,-0,-0,-0,-0,-0,-0,-0,-0,-0,-0,-0,-0,-0
:IRUSD_Interbank, Gamma,-0,-0,-0,-0,-0,-0,-0,-0,-0,-0,-0,-0,-0,-0
:IRUSD_Interbank, Gamma,-0,-0,-0,-0,-0,-0,-0,-0,-0,-0,-0,-0,-0,-0
:IRUSD_Interbank, Gamma,-0,-0,-0,-0,-0,-0,-0,-0,-0,-0,-0,-0,-0,-0
:IRUSD_Interbank, Gamma,-0,-0,-0,-0,-0,-0,-0,-0,-0,-0,-0,-0,-0,-0
:IRUSD_Interbank, Gamma,-0,-0,-0,-0,-0,-0,-0,-0,-0,-0,-0,-0,-0,-0
:IRUSD_Interbank, Gamma,-0,-0,-0,-0,-0,-0,-0,-0,-0,-0,-0,-0,-0,-0
:IRUSD_Interbank, Gamma,-0,-0,-0,-0,-0,-0,-0,-0,-0,-0,-0,-0,-0,-0
:IRUSD_Prime, Delta,0,0,0,0,0,0,0,0,0,0,0,0
:IRUSD_Prime, Gamma,-0,-0,-0,-0,-0,-0,-0,-0,-0,-0,-0,-0
:IRUSD_Prime, Gamma,-0,-0,-0,-0,-0,-0,-0,-0,-0,-0,-0,-0
:IRUSD_Prime, Gamma,-0,-0,-0,-0,-0,-0,-0,-0,-0,-0,-0,-0
:IRUSD_Prime, Gamma,-0,-0,-0,-0,-0,-0,-0,-0,-0,-0,-0,-0
:IRUSD_Prime, Gamma,-0,-0,-0,-0,-0,-0,-0,-0,-0,-0,-0,-0
:IRUSD_Prime, Gamma,-0,-0,-0,-0,-0,-0,-0,-0,-0,-0,-0,-0
:IRUSD_Prime, Gamma,-0,-0,-0,-0,-0,-0,-0,-0,-0,-0,-0,-0
:IRUSD_Prime, Gamma,-0,-0,-0,-0,-0,-0,-0,-0,-0,-0,-0,-0
:IRUSD_Prime, Gamma,-0,-0,-0,-0,-0,-0,-0,-0,-0,-0,-0,-0
:IRUSD_Prime, Gamma,-0,-0,-0,-0,-0,-0,-0,-0,-0,-0,-0,-0
:IRUSD_Prime, Gamma,-0,-0,-0,-0,-0,-0,-0,-0,-0,-0,-0,-0
:IRUSD_Prime, Gamma,-0,-0,-0,-0,-0,-0,-0,-0,-0,-0,-0,-0
:IREUR_Mmarket, Delta,0,0,0,0,0,0,0,0,0,0,0,0,0
:IREUR_Mmarket, Gamma,-0,-0,-0,-0,-0,-0,-0,-0,-0,-0,-0,-0,-0
:IREUR_Mmarket, Gamma,-0,-0,-0,-0,-0,-0,-0,-0,-0,-0,-0,-0,-0
:IREUR_Mmarket, Gamma,-0,-0,-0,-0,-0,-0,-0,-0,-0,-0,-0,-0,-0
:IREUR_Mmarket, Gamma,-0,-0,-0,-0,-0,-0,-0,-0,-0,-0,-0,-0,-0
:IREUR_Mmarket, Gamma,-0,-0,-0,-0,-0,-0,-0,-0,-0,-0,-0,-0,-0
:IREUR_Mmarket, Gamma,-0,-0,-0,-0,-0,-0,-0,-0,-0,-0,-0,-0,-0
:IREUR_Mmarket, Gamma,-0,-0,-0,-0,-0,-0,-0,-0,-0,-0,-0,-0,-0
:IREUR_Mmarket, Gamma,-0,-0,-0,-0,-0,-0,-0,-0,-0,-0,-0,-0,-0
:IREUR_Mmarket, Gamma,-0,-0,-0,-0,-0,-0,-0,-0,-0,-0,-0,-0,-0
:IREUR_Mmarket, Gamma,-0,-0,-0,-0,-0,-0,-0,-0,-0,-0,-0,-0,-0
:IREUR_Mmarket, Gamma,-0,-0,-0,-0,-0,-0,-0,-0,-0,-0,-0,-0,-0
:IREUR_Mmarket, Gamma,-0,-0,-0,-0,-0,-0,-0,-0,-0,-0,-0,-0,-0
:IREUR_Mmarket, Gamma,-0,-0,-0,-0,-0,-0,-0,-0,-0,-0,-0,-0,-0
:IRUSD_Mmarket, Delta,0,0,0,0,0
:IRUSD_Mmarket, Gamma,-0,-0,-0,-0,-0
:IRUSD_Mmarket, Gamma,-0,-0,-0,-0,-0
:IRUSD_Mmarket, Gamma,-0,-0,-0,-0,-0
:IRUSD_Mmarket, Gamma,-0,-0,-0,-0,-0
:IRUSD_Mmarket, Gamma,-0,-0,-0,-0,-0
:IRUSD_Treasury, Delta,0,0,0,0,0,0,0,0,0
:IRUSD_Treasury, Gamma,-0,-0,-0,-0,-0,-0,-0,-0,-0
:IRUSD_Treasury, Gamma,-0,-0,-0,-0,-0,-0,-0,-0,-0
:IRUSD_Treasury, Gamma,-0,-0,-0,-0,-0,-0,-0,-0,-0
:IRUSD_Treasury, Gamma,-0,-0,-0,-0,-0,-0,-0,-0,-0
:IRUSD_Treasury, Gamma,-0,-0,-0,-0,-0,-0,-0,-0,-0
:IRUSD_Treasury, Gamma,-0,-0,-0,-0,-0,-0,-0,-0,-0
:IRUSD_Treasury, Gamma,-0,-0,-0,-0,-0,-0,-0,-0,-0
:IRUSD_Treasury, Gamma,-0,-0,-0,-0,-0,-0,-0,-0,-0
:IRUSD_Treasury, Gamma,-0,-0,-0,-0,-0,-0,-0,-0,-0
:IRPLN_Interbank, Delta,0,0,0,0,0,0,0,0,0,0,0,0
:IRPLN_Interbank, Gamma,-0,-0,-0,-0,-0,-0,-0,-0,-0,-0,-0,-0
:IRPLN_Interbank, Gamma,-0,-0,-0,-0,-0,-0,-0,-0,-0,-0,-0,-0
:IRPLN_Interbank, Gamma,-0,-0,-0,-0,-0,-0,-0,-0,-0,-0,-0,-0
:IRPLN_Interbank, Gamma,-0,-0,-0,-0,-0,-0,-0,-0,-0,-0,-0,-0
:IRPLN_Interbank, Gamma,-0,-0,-0,-0,-0,-0,-0,-0,-0,-0,-0,-0
:IRPLN_Interbank, Gamma,-0,-0,-0,-0,-0,-0,-0,-0,-0,-0,-0,-0
:IRPLN_Interbank, Gamma,-0,-0,-0,-0,-0,-0,-0,-0,-0,-0,-0,-0
:IRPLN_Interbank, Gamma,-0,-0,-0,-0,-0,-0,-0,-0,-0,-0,-0,-0
:IRPLN_Interbank, Gamma,-0,-0,-0,-0,-0,-0,-0,-0,-0,-0,-0,-0
:IRPLN_Interbank, Gamma,-0,-0,-0,-0,-0,-0,-0,-0,-0,-0,-0,-0
:IRPLN_Interbank, Gamma,-0,-0,-0,-0,-0,-0,-0,-0,-0,-0,-0,-0
:IRPLN_Interbank, Gamma,-0,-0,-0,-0,-0,-0,-0,-0,-0,-0,-0,-0
:IRSEK_Interbank, Delta,0,0,0,0,0,0,0,0,0,0
:IRSEK_Interbank, Gamma,-0,-0,-0,-0,-0,-0,-0,-0,-0,-0
:IRSEK_Interbank, Gamma,-0,-0,-0,-0,-0,-0,-0,-0,-0,-0
:IRSEK_Interbank, Gamma,-0,-0,-0,-0,-0,-0,-0,-0,-0,-0
:IRSEK_Interbank, Gamma,-0,-0,-0,-0,-0,-0,-0,-0,-0,-0
:IRSEK_Interbank, Gamma,-0,-0,-0,-0,-0,-0,-0,-0,-0,-0
:IRSEK_Interbank, Gamma,-0,-0,-0,-0,-0,-0,-0,-0,-0,-0
:IRSEK_Interbank, Gamma,-0,-0,-0,-0,-0,-0,-0,-0,-0,-0
:IRSEK_Interbank, Gamma,-0,-0,-0,-0,-0,-0,-0,-0,-0,-0
:IRSEK_Interbank, Gamma,-0,-0,-0,-0,-0,-0,-0,-0,-0,-0
:IRSEK_Interbank, Gamma,-0,-0,-0,-0,-0,-0,-0,-0,-0,-0
:IRDKK_Interbank, Delta,0,0,0,0,0,0,0,0,0,0
:IRDKK_Interbank, Gamma,-0,-0,-0,-0,-0,-0,-0,-0,-0,-0
:IRDKK_Interbank, Gamma,-0,-0,-0,-0,-0,-0,-0,-0,-0,-0
:IRDKK_Interbank, Gamma,-0,-0,-0,-0,-0,-0,-0,-0,-0,-0
:IRDKK_Interbank, Gamma,-0,-0,-0,-0,-0,-0,-0,-0,-0,-0
:IRDKK_Interbank, Gamma,-0,-0,-0,-0,-0,-0,-0,-0,-0,-0
:IRDKK_Interbank, Gamma,-0,-0,-0,-0,-0,-0,-0,-0,-0,-0
:IRDKK_Interbank, Gamma,-0,-0,-0,-0,-0,-0,-0,-0,-0,-0
:IRDKK_Interbank, Gamma,-0,-0,-0,-0,-0,-0,-0,-0,-0,-0
:IRDKK_Interbank, Gamma,-0,-0,-0,-0,-0,-0,-0,-0,-0,-0
:IRDKK_Interbank, Gamma,-0,-0,-0,-0,-0,-0,-0,-0,-0,-0
:IRZAR_Interbank, Delta,0,0,0,0,0,0,0,0
:IRZAR_Interbank, Gamma,-0,-0,-0,-0,-0,-0,-0,-0
:IRZAR_Interbank, Gamma,-0,-0,-0,-0,-0,-0,-0,-0
:IRZAR_Interbank, Gamma,-0,-0,-0,-0,-0,-0,-0,-0
:IRZAR_Interbank, Gamma,-0,-0,-0,-0,-0,-0,-0,-0
:IRZAR_Interbank, Gamma,-0,-0,-0,-0,-0,-0,-0,-0
:IRZAR_Interbank, Gamma,-0,-0,-0,-0,-0,-0,-0,-0
:IRZAR_Interbank, Gamma,-0,-0,-0,-0,-0,-0,-0,-0
:IRZAR_Interbank, Gamma,-0,-0,-0,-0,-0,-0,-0,-0
:IRHKD_Interbank, Delta,0,0,0,0,0,0,0,0,0
:IRHKD_Interbank, Gamma,-0,-0,-0,-0,-0,-0,-0,-0,-0
:IRHKD_Interbank, Gamma,-0,-0,-0,-0,-0,-0,-0,-0,-0
:IRHKD_Interbank, Gamma,-0,-0,-0,-0,-0,-0,-0,-0,-0
:IRHKD_Interbank, Gamma,-0,-0,-0,-0,-0,-0,-0,-0,-0
:IRHKD_Interbank, Gamma,-0,-0,-0,-0,-0,-0,-0,-0,-0
:IRHKD_Interbank, Gamma,-0,-0,-0,-0,-0,-0,-0,-0,-0
:IRHKD_Interbank, Gamma,-0,-0,-0,-0,-0,-0,-0,-0,-0
:IRHKD_Interbank, Gamma,-0,-0,-0,-0,-0,-0,-0,-0,-0
:IRHKD_Interbank, Gamma,-0,-0,-0,-0,-0,-0,-0,-0,-0
:FXTRY_Forward, Delta,-3.9785e+007,1.0308e+008,3.0515e+007,-1.5818e+008,1.23125e+008
:FXTRY_Forward, Gamma,-3.568e+011,-5.313e+011,-3.5517e+012,-2.0112e+012,-1.1462e+012
:FXTRY_Forward, Gamma,-0,-5.673e+011,-1.311e+012,-9.3e+009,3.5834e+012
:FXTRY_Forward, Gamma,-0,-0,-9.68e+010,4.1448e+012,-3.533e+011
:FXTRY_Forward, Gamma,-0,-0,-0,-1.4722e+012,-6.602e+011
:FXTRY_Forward, Gamma,-0,-0,-0,-0,-2.0537e+012
:IREUR_EIB3M, Delta,0,0,0,0,0,0,0,0,0,0,0,0
:IREUR_EIB3M, Gamma,-0,-0,-0,-0,-0,-0,-0,-0,-0,-0,-0,-0
:IREUR_EIB3M, Gamma,-0,-0,-0,-0,-0,-0,-0,-0,-0,-0,-0,-0
:IREUR_EIB3M, Gamma,-0,-0,-0,-0,-0,-0,-0,-0,-0,-0,-0,-0
:IREUR_EIB3M, Gamma,-0,-0,-0,-0,-0,-0,-0,-0,-0,-0,-0,-0
:IREUR_EIB3M, Gamma,-0,-0,-0,-0,-0,-0,-0,-0,-0,-0,-0,-0
:IREUR_EIB3M, Gamma,-0,-0,-0,-0,-0,-0,-0,-0,-0,-0,-0,-0
:IREUR_EIB3M, Gamma,-0,-0,-0,-0,-0,-0,-0,-0,-0,-0,-0,-0
:IREUR_EIB3M, Gamma,-0,-0,-0,-0,-0,-0,-0,-0,-0,-0,-0,-0
:IREUR_EIB3M, Gamma,-0,-0,-0,-0,-0,-0,-0,-0,-0,-0,-0,-0
:IREUR_EIB3M, Gamma,-0,-0,-0,-0,-0,-0,-0,-0,-0,-0,-0,-0
:IREUR_EIB3M, Gamma,-0,-0,-0,-0,-0,-0,-0,-0,-0,-0,-0,-0
:IREUR_EIB3M, Gamma,-0,-0,-0,-0,-0,-0,-0,-0,-0,-0,-0,-0
:IRUSD_MUAAASP, Delta,0,0,0,0,0,0,0,0,0,0
:IRUSD_MUAAASP, Gamma,-0,-0,-0,-0,-0,-0,-0,-0,-0,-0
:IRUSD_MUAAASP, Gamma,-0,-0,-0,-0,-0,-0,-0,-0,-0,-0
:IRUSD_MUAAASP, Gamma,-0,-0,-0,-0,-0,-0,-0,-0,-0,-0
:IRUSD_MUAAASP, Gamma,-0,-0,-0,-0,-0,-0,-0,-0,-0,-0
:IRUSD_MUAAASP, Gamma,-0,-0,-0,-0,-0,-0,-0,-0,-0,-0
:IRUSD_MUAAASP, Gamma,-0,-0,-0,-0,-0,-0,-0,-0,-0,-0
:IRUSD_MUAAASP, Gamma,-0,-0,-0,-0,-0,-0,-0,-0,-0,-0
:IRUSD_MUAAASP, Gamma,-0,-0,-0,-0,-0,-0,-0,-0,-0,-0
:IRUSD_MUAAASP, Gamma,-0,-0,-0,-0,-0,-0,-0,-0,-0,-0
:IRUSD_MUAAASP, Gamma,-0,-0,-0,-0,-0,-0,-0,-0,-0,-0
:IRUSD_MUAASP, Delta,0,0,0,0,0,0,0
:IRUSD_MUAASP, Gamma,-0,-0,-0,-0,-0,-0,-0
:IRUSD_MUAASP, Gamma,-0,-0,-0,-0,-0,-0,-0
:IRUSD_MUAASP, Gamma,-0,-0,-0,-0,-0,-0,-0
:IRUSD_MUAASP, Gamma,-0,-0,-0,-0,-0,-0,-0
:IRUSD_MUAASP, Gamma,-0,-0,-0,-0,-0,-0,-0
:IRUSD_MUAASP, Gamma,-0,-0,-0,-0,-0,-0,-0
:IRUSD_MUAASP, Gamma,-0,-0,-0,-0,-0,-0,-0
:IRUSD_MUASP, Delta,0,0,0,0,0,0,0,0
:IRUSD_MUASP, Gamma,-0,-0,-0,-0,-0,-0,-0,-0
:IRUSD_MUASP, Gamma,-0,-0,-0,-0,-0,-0,-0,-0
:IRUSD_MUASP, Gamma,-0,-0,-0,-0,-0,-0,-0,-0
:IRUSD_MUASP, Gamma,-0,-0,-0,-0,-0,-0,-0,-0
:IRUSD_MUASP, Gamma,-0,-0,-0,-0,-0,-0,-0,-0
:IRUSD_MUASP, Gamma,-0,-0,-0,-0,-0,-0,-0,-0
:IRUSD_MUASP, Gamma,-0,-0,-0,-0,-0,-0,-0,-0
:IRUSD_MUASP, Gamma,-0,-0,-0,-0,-0,-0,-0,-0
:IRUSD_MUBBBSP, Delta,0,0,0,0,0,0,0,0
:IRUSD_MUBBBSP, Gamma,-0,-0,-0,-0,-0,-0,-0,-0
:IRUSD_MUBBBSP, Gamma,-0,-0,-0,-0,-0,-0,-0,-0
:IRUSD_MUBBBSP, Gamma,-0,-0,-0,-0,-0,-0,-0,-0
:IRUSD_MUBBBSP, Gamma,-0,-0,-0,-0,-0,-0,-0,-0
:IRUSD_MUBBBSP, Gamma,-0,-0,-0,-0,-0,-0,-0,-0
:IRUSD_MUBBBSP, Gamma,-0,-0,-0,-0,-0,-0,-0,-0
:IRUSD_MUBBBSP, Gamma,-0,-0,-0,-0,-0,-0,-0,-0
:IRUSD_MUBBBSP, Gamma,-0,-0,-0,-0,-0,-0,-0,-0
:IRUSD_MUBBSP, Delta,0,0,0,0,0,0,0,0,0,0
:IRUSD_MUBBSP, Gamma,-0,-0,-0,-0,-0,-0,-0,-0,-0,-0
:IRUSD_MUBBSP, Gamma,-0,-0,-0,-0,-0,-0,-0,-0,-0,-0
:IRUSD_MUBBSP, Gamma,-0,-0,-0,-0,-0,-0,-0,-0,-0,-0
:IRUSD_MUBBSP, Gamma,-0,-0,-0,-0,-0,-0,-0,-0,-0,-0
:IRUSD_MUBBSP, Gamma,-0,-0,-0,-0,-0,-0,-0,-0,-0,-0
:IRUSD_MUBBSP, Gamma,-0,-0,-0,-0,-0,-0,-0,-0,-0,-0
:IRUSD_MUBBSP, Gamma,-0,-0,-0,-0,-0,-0,-0,-0,-0,-0
:IRUSD_MUBBSP, Gamma,-0,-0,-0,-0,-0,-0,-0,-0,-0,-0
:IRUSD_MUBBSP, Gamma,-0,-0,-0,-0,-0,-0,-0,-0,-0,-0
:IRUSD_MUBBSP, Gamma,-0,-0,-0,-0,-0,-0,-0,-0,-0,-0
:IRUSD_MUBSP, Delta,0,0,0,0,0,0,0,0,0,0
:IRUSD_MUBSP, Gamma,-0,-0,-0,-0,-0,-0,-0,-0,-0,-0
:IRUSD_MUBSP, Gamma,-0,-0,-0,-0,-0,-0,-0,-0,-0,-0
:IRUSD_MUBSP, Gamma,-0,-0,-0,-0,-0,-0,-0,-0,-0,-0
:IRUSD_MUBSP, Gamma,-0,-0,-0,-0,-0,-0,-0,-0,-0,-0
:IRUSD_MUBSP, Gamma,-0,-0,-0,-0,-0,-0,-0,-0,-0,-0
:IRUSD_MUBSP, Gamma,-0,-0,-0,-0,-0,-0,-0,-0,-0,-0
:IRUSD_MUBSP, Gamma,-0,-0,-0,-0,-0,-0,-0,-0,-0,-0
:IRUSD_MUBSP, Gamma,-0,-0,-0,-0,-0,-0,-0,-0,-0,-0
:IRUSD_MUBSP, Gamma,-0,-0,-0,-0,-0,-0,-0,-0,-0,-0
:IRUSD_MUBSP, Gamma,-0,-0,-0,-0,-0,-0,-0,-0,-0,-0
:IRUSD_MUCCCSP, Delta,0,0,0,0,0,0,0,0,0,0
:IRUSD_MUCCCSP, Gamma,-0,-0,-0,-0,-0,-0,-0,-0,-0,-0
:IRUSD_MUCCCSP, Gamma,-0,-0,-0,-0,-0,-0,-0,-0,-0,-0
:IRUSD_MUCCCSP, Gamma,-0,-0,-0,-0,-0,-0,-0,-0,-0,-0
:IRUSD_MUCCCSP, Gamma,-0,-0,-0,-0,-0,-0,-0,-0,-0,-0
:IRUSD_MUCCCSP, Gamma,-0,-0,-0,-0,-0,-0,-0,-0,-0,-0
:IRUSD_MUCCCSP, Gamma,-0,-0,-0,-0,-0,-0,-0,-0,-0,-0
:IRUSD_MUCCCSP, Gamma,-0,-0,-0,-0,-0,-0,-0,-0,-0,-0
:IRUSD_MUCCCSP, Gamma,-0,-0,-0,-0,-0,-0,-0,-0,-0,-0
:IRUSD_MUCCCSP, Gamma,-0,-0,-0,-0,-0,-0,-0,-0,-0,-0
:IRUSD_MUCCCSP, Gamma,-0,-0,-0,-0,-0,-0,-0,-0,-0,-0
:IRUSD_Interbank1, Delta,0,0,0,0,0,0,0,0,0,0,0,0,0,0
:IRUSD_Interbank1, Gamma,-0,-0,-0,-0,-0,-0,-0,-0,-0,-0,-0,-0,-0,-0
:IRUSD_Interbank1, Gamma,-0,-0,-0,-0,-0,-0,-0,-0,-0,-0,-0,-0,-0,-0
:IRUSD_Interbank1, Gamma,-0,-0,-0,-0,-0,-0,-0,-0,-0,-0,-0,-0,-0,-0
:IRUSD_Interbank1, Gamma,-0,-0,-0,-0,-0,-0,-0,-0,-0,-0,-0,-0,-0,-0
:IRUSD_Interbank1, Gamma,-0,-0,-0,-0,-0,-0,-0,-0,-0,-0,-0,-0,-0,-0
:IRUSD_Interbank1, Gamma,-0,-0,-0,-0,-0,-0,-0,-0,-0,-0,-0,-0,-0,-0
:IRUSD_Interbank1, Gamma,-0,-0,-0,-0,-0,-0,-0,-0,-0,-0,-0,-0,-0,-0
:IRUSD_Interbank1, Gamma,-0,-0,-0,-0,-0,-0,-0,-0,-0,-0,-0,-0,-0,-0
:IRUSD_Interbank1, Gamma,-0,-0,-0,-0,-0,-0,-0,-0,-0,-0,-0,-0,-0,-0
:IRUSD_Interbank1, Gamma,-0,-0,-0,-0,-0,-0,-0,-0,-0,-0,-0,-0,-0,-0
:IRUSD_Interbank1, Gamma,-0,-0,-0,-0,-0,-0,-0,-0,-0,-0,-0,-0,-0,-0
:IRUSD_Interbank1, Gamma,-0,-0,-0,-0,-0,-0,-0,-0,-0,-0,-0,-0,-0,-0
:IRUSD_Interbank1, Gamma,-0,-0,-0,-0,-0,-0,-0,-0,-0,-0,-0,-0,-0,-0
:IRUSD_Interbank1, Gamma,-0,-0,-0,-0,-0,-0,-0,-0,-0,-0,-0,-0,-0,-0
:IREUR_EIB1M, Delta,0,0,0,0,0,0,0,0,0,0,0,0
:IREUR_EIB1M, Gamma,-0,-0,-0,-0,-0,-0,-0,-0,-0,-0,-0,-0
:IREUR_EIB1M, Gamma,-0,-0,-0,-0,-0,-0,-0,-0,-0,-0,-0,-0
:IREUR_EIB1M, Gamma,-0,-0,-0,-0,-0,-0,-0,-0,-0,-0,-0,-0
:IREUR_EIB1M, Gamma,-0,-0,-0,-0,-0,-0,-0,-0,-0,-0,-0,-0
:IREUR_EIB1M, Gamma,-0,-0,-0,-0,-0,-0,-0,-0,-0,-0,-0,-0
:IREUR_EIB1M, Gamma,-0,-0,-0,-0,-0,-0,-0,-0,-0,-0,-0,-0
:IREUR_EIB1M, Gamma,-0,-0,-0,-0,-0,-0,-0,-0,-0,-0,-0,-0
:IREUR_EIB1M, Gamma,-0,-0,-0,-0,-0,-0,-0,-0,-0,-0,-0,-0
:IREUR_EIB1M, Gamma,-0,-0,-0,-0,-0,-0,-0,-0,-0,-0,-0,-0
:IREUR_EIB1M, Gamma,-0,-0,-0,-0,-0,-0,-0,-0,-0,-0,-0,-0
:IREUR_EIB1M, Gamma,-0,-0,-0,-0,-0,-0,-0,-0,-0,-0,-0,-0
:IREUR_EIB1M, Gamma,-0,-0,-0,-0,-0,-0,-0,-0,-0,-0,-0,-0
:IRJPY_USDCC, Delta,0,0,0,0,0,0,0,0,0,0,0
:IRJPY_USDCC, Gamma,-0,-0,-0,-0,-0,-0,-0,-0,-0,-0,-0
:IRJPY_USDCC, Gamma,-0,-0,-0,-0,-0,-0,-0,-0,-0,-0,-0
:IRJPY_USDCC, Gamma,-0,-0,-0,-0,-0,-0,-0,-0,-0,-0,-0
:IRJPY_USDCC, Gamma,-0,-0,-0,-0,-0,-0,-0,-0,-0,-0,-0
:IRJPY_USDCC, Gamma,-0,-0,-0,-0,-0,-0,-0,-0,-0,-0,-0
:IRJPY_USDCC, Gamma,-0,-0,-0,-0,-0,-0,-0,-0,-0,-0,-0
:IRJPY_USDCC, Gamma,-0,-0,-0,-0,-0,-0,-0,-0,-0,-0,-0
:IRJPY_USDCC, Gamma,-0,-0,-0,-0,-0,-0,-0,-0,-0,-0,-0
:IRJPY_USDCC, Gamma,-0,-0,-0,-0,-0,-0,-0,-0,-0,-0,-0
:IRJPY_USDCC, Gamma,-0,-0,-0,-0,-0,-0,-0,-0,-0,-0,-0
:IRJPY_USDCC, Gamma,-0,-0,-0,-0,-0,-0,-0,-0,-0,-0,-0
:IRAUD_USDCC, Delta,0,0,0,0,0,0,0,0,0,0,0
:IRAUD_USDCC, Gamma,-0,-0,-0,-0,-0,-0,-0,-0,-0,-0,-0
:IRAUD_USDCC, Gamma,-0,-0,-0,-0,-0,-0,-0,-0,-0,-0,-0
:IRAUD_USDCC, Gamma,-0,-0,-0,-0,-0,-0,-0,-0,-0,-0,-0
:IRAUD_USDCC, Gamma,-0,-0,-0,-0,-0,-0,-0,-0,-0,-0,-0
:IRAUD_USDCC, Gamma,-0,-0,-0,-0,-0,-0,-0,-0,-0,-0,-0
:IRAUD_USDCC, Gamma,-0,-0,-0,-0,-0,-0,-0,-0,-0,-0,-0
:IRAUD_USDCC, Gamma,-0,-0,-0,-0,-0,-0,-0,-0,-0,-0,-0
:IRAUD_USDCC, Gamma,-0,-0,-0,-0,-0,-0,-0,-0,-0,-0,-0
:IRAUD_USDCC, Gamma,-0,-0,-0,-0,-0,-0,-0,-0,-0,-0,-0
:IRAUD_USDCC, Gamma,-0,-0,-0,-0,-0,-0,-0,-0,-0,-0,-0
:IRAUD_USDCC, Gamma,-0,-0,-0,-0,-0,-0,-0,-0,-0,-0,-0
:IREUR_USDCC, Delta,0,0,0,0,0,0,0,0,0,0,0,0
:IREUR_USDCC, Gamma,-0,-0,-0,-0,-0,-0,-0,-0,-0,-0,-0,-0
:IREUR_USDCC, Gamma,-0,-0,-0,-0,-0,-0,-0,-0,-0,-0,-0,-0
:IREUR_USDCC, Gamma,-0,-0,-0,-0,-0,-0,-0,-0,-0,-0,-0,-0
:IREUR_USDCC, Gamma,-0,-0,-0,-0,-0,-0,-0,-0,-0,-0,-0,-0
:IREUR_USDCC, Gamma,-0,-0,-0,-0,-0,-0,-0,-0,-0,-0,-0,-0
:IREUR_USDCC, Gamma,-0,-0,-0,-0,-0,-0,-0,-0,-0,-0,-0,-0
:IREUR_USDCC, Gamma,-0,-0,-0,-0,-0,-0,-0,-0,-0,-0,-0,-0
:IREUR_USDCC, Gamma,-0,-0,-0,-0,-0,-0,-0,-0,-0,-0,-0,-0
:IREUR_USDCC, Gamma,-0,-0,-0,-0,-0,-0,-0,-0,-0,-0,-0,-0
:IREUR_USDCC, Gamma,-0,-0,-0,-0,-0,-0,-0,-0,-0,-0,-0,-0
:IREUR_USDCC, Gamma,-0,-0,-0,-0,-0,-0,-0,-0,-0,-0,-0,-0
:IREUR_USDCC, Gamma,-0,-0,-0,-0,-0,-0,-0,-0,-0,-0,-0,-0
:IRGBP_LIB3M, Delta,0,0,0,0,0,0,0,0,0,0,0
:IRGBP_LIB3M, Gamma,-0,-0,-0,-0,-0,-0,-0,-0,-0,-0,-0
:IRGBP_LIB3M, Gamma,-0,-0,-0,-0,-0,-0,-0,-0,-0,-0,-0
:IRGBP_LIB3M, Gamma,-0,-0,-0,-0,-0,-0,-0,-0,-0,-0,-0
:IRGBP_LIB3M, Gamma,-0,-0,-0,-0,-0,-0,-0,-0,-0,-0,-0
:IRGBP_LIB3M, Gamma,-0,-0,-0,-0,-0,-0,-0,-0,-0,-0,-0
:IRGBP_LIB3M, Gamma,-0,-0,-0,-0,-0,-0,-0,-0,-0,-0,-0
:IRGBP_LIB3M, Gamma,-0,-0,-0,-0,-0,-0,-0,-0,-0,-0,-0
:IRGBP_LIB3M, Gamma,-0,-0,-0,-0,-0,-0,-0,-0,-0,-0,-0
:IRGBP_LIB3M, Gamma,-0,-0,-0,-0,-0,-0,-0,-0,-0,-0,-0
:IRGBP_LIB3M, Gamma,-0,-0,-0,-0,-0,-0,-0,-0,-0,-0,-0
:IRGBP_LIB3M, Gamma,-0,-0,-0,-0,-0,-0,-0,-0,-0,-0,-0
:IRGBP_RPI, Delta,0,0,0,0,0,0,0,0,0,0,0,0,0,0,0
:IRGBP_RPI, Gamma,-0,-0,-0,-0,-0,-0,-0,-0,-0,-0,-0,-0,-0,-0,-0
:IRGBP_RPI, Gamma,-0,-0,-0,-0,-0,-0,-0,-0,-0,-0,-0,-0,-0,-0,-0
:IRGBP_RPI, Gamma,-0,-0,-0,-0,-0,-0,-0,-0,-0,-0,-0,-0,-0,-0,-0
:IRGBP_RPI, Gamma,-0,-0,-0,-0,-0,-0,-0,-0,-0,-0,-0,-0,-0,-0,-0
:IRGBP_RPI, Gamma,-0,-0,-0,-0,-0,-0,-0,-0,-0,-0,-0,-0,-0,-0,-0
:IRGBP_RPI, Gamma,-0,-0,-0,-0,-0,-0,-0,-0,-0,-0,-0,-0,-0,-0,-0
:IRGBP_RPI, Gamma,-0,-0,-0,-0,-0,-0,-0,-0,-0,-0,-0,-0,-0,-0,-0
:IRGBP_RPI, Gamma,-0,-0,-0,-0,-0,-0,-0,-0,-0,-0,-0,-0,-0,-0,-0
:IRGBP_RPI, Gamma,-0,-0,-0,-0,-0,-0,-0,-0,-0,-0,-0,-0,-0,-0,-0
:IRGBP_RPI, Gamma,-0,-0,-0,-0,-0,-0,-0,-0,-0,-0,-0,-0,-0,-0,-0
:IRGBP_RPI, Gamma,-0,-0,-0,-0,-0,-0,-0,-0,-0,-0,-0,-0,-0,-0,-0
:IRGBP_RPI, Gamma,-0,-0,-0,-0,-0,-0,-0,-0,-0,-0,-0,-0,-0,-0,-0
:IRGBP_RPI, Gamma,-0,-0,-0,-0,-0,-0,-0,-0,-0,-0,-0,-0,-0,-0,-0
:IRGBP_RPI, Gamma,-0,-0,-0,-0,-0,-0,-0,-0,-0,-0,-0,-0,-0,-0,-0
:IRGBP_RPI, Gamma,-0,-0,-0,-0,-0,-0,-0,-0,-0,-0,-0,-0,-0,-0,-0
:IREUR_EIB1Y, Delta,0,0,0,0,0,0,0,0,0,0,0,0
:IREUR_EIB1Y, Gamma,-0,-0,-0,-0,-0,-0,-0,-0,-0,-0,-0,-0
:IREUR_EIB1Y, Gamma,-0,-0,-0,-0,-0,-0,-0,-0,-0,-0,-0,-0
:IREUR_EIB1Y, Gamma,-0,-0,-0,-0,-0,-0,-0,-0,-0,-0,-0,-0
:IREUR_EIB1Y, Gamma,-0,-0,-0,-0,-0,-0,-0,-0,-0,-0,-0,-0
:IREUR_EIB1Y, Gamma,-0,-0,-0,-0,-0,-0,-0,-0,-0,-0,-0,-0
:IREUR_EIB1Y, Gamma,-0,-0,-0,-0,-0,-0,-0,-0,-0,-0,-0,-0
:IREUR_EIB1Y, Gamma,-0,-0,-0,-0,-0,-0,-0,-0,-0,-0,-0,-0
:IREUR_EIB1Y, Gamma,-0,-0,-0,-0,-0,-0,-0,-0,-0,-0,-0,-0
:IREUR_EIB1Y, Gamma,-0,-0,-0,-0,-0,-0,-0,-0,-0,-0,-0,-0
:IREUR_EIB1Y, Gamma,-0,-0,-0,-0,-0,-0,-0,-0,-0,-0,-0,-0
:IREUR_EIB1Y, Gamma,-0,-0,-0,-0,-0,-0,-0,-0,-0,-0,-0,-0
:IREUR_EIB1Y, Gamma,-0,-0,-0,-0,-0,-0,-0,-0,-0,-0,-0,-0
:BMY_C11012210_EQTV, Delta,1.46015e+008
:BMY_C11012210_EQTV, Gamma,-3.7304e+012
:COF_C14040H10_EQTV, Delta,9.398e+007
:COF_C14040H10_EQTV, Gamma,-1.0961e+012
:CSCO_C17275R10_EQTV, Delta,1.3914e+008
:CSCO_C17275R10_EQTV, Gamma,-2.6625e+012
:GE_C36960410_EQTV, Delta,1.771e+007
:GE_C36960410_EQTV, Gamma,-1.06e+011
:GS_C38141G10_EQTV, Delta,-8.968e+007
:GS_C38141G10_EQTV, Gamma,1.4389e+012
:HAL_C40621610_EQTV, Delta,4.1503e+008
:HAL_C40621610_EQTV, Gamma,-3.8674e+012
:HD_C43707610_EQTV, Delta,1.12325e+008
:HD_C43707610_EQTV, Gamma,-8.933e+011
:HPQ_C42823610_EQTV, Delta,1.25025e+008
:HPQ_C42823610_EQTV, Gamma,-3.0561e+012
:IBM_C45920010_EQTV, Delta,-3.3757e+008
:IBM_C45920010_EQTV, Gamma,3.9856e+012
:INDUA_C26099405_EQTV, Delta,-9.5275e+007,-7.825e+006,-2.9024e+008
:INDUA_C26099405_EQTV, Gamma,-1.3484e+012,1.5221e+012,-1.0795e+012
:INDUA_C26099405_EQTV, Gamma,-0,-1.094e+011,1.8324e+012
:INDUA_C26099405_EQTV, Gamma,-0,-0,7.838e+011
:INTC_C45814010_EQTV, Delta,1.844e+007
:INTC_C45814010_EQTV, Gamma,-1.9235e+012
:JPM_C46625H10_EQTV, Delta,5.786e+007
:JPM_C46625H10_EQTV, Gamma,-1.3676e+012
:KO_C19121610_EQTV, Delta,6.119e+007
:KO_C19121610_EQTV, Gamma,-1.6481e+012
:MCD_C58013510_EQTV, Delta,6.5265e+007
:MCD_C58013510_EQTV, Gamma,-6.3498e+012
:MSFT_C59491810_EQTV, Delta,5.7675e+007
:MSFT_C59491810_EQTV, Gamma,-9e+010
:PFE_C71708110_EQTV, Delta,1.5875e+007
:PFE_C71708110_EQTV, Gamma,-2.7284e+012
:PG_C74271810_EQTV, Delta,2.8254e+008
:PG_C74271810_EQTV, Gamma,-3.9657e+012
:PHM_C74586710_EQTV, Delta,6.299e+007
:PHM_C74586710_EQTV, Gamma,-1.4408e+012
:SBUX_C85524410_EQTV, Delta,670000
:SBUX_C85524410_EQTV, Gamma,-1.8895e+012
:SP500_C00000117_EQTV, Delta,5.0835e+007,5.148e+007,-2.5474e+008
:SP500_C00000117_EQTV, Gamma,-4.2831e+012,-1.8157e+012,1.3385e+012
:SP500_C00000117_EQTV, Gamma,-0,-6.4542e+012,7.47e+010
:SP500_C00000117_EQTV, Gamma,-0,-0,1.7002e+012
:SPY_C78462F10_EQTV, Delta,1.62275e+008
:SPY_C78462F10_EQTV, Gamma,-2.2913e+012
:TEVA_C88162420_EQTV, Delta,2.9099e+008
:TEVA_C88162420_EQTV, Gamma,-3.47e+012
:UPS_C91131210_EQTV, Delta,7.6105e+007
:UPS_C91131210_EQTV, Gamma,-2.2447e+012
:WMT_C93114210_EQTV, Delta,2.084e+007
:WMT_C93114210_EQTV, Gamma,-3.026e+011
:XOM_C30231G10_EQTV, Delta,3.7695e+008
:XOM_C30231G10_EQTV, Gamma,-2.8722e+012
:EFA_C46428746_EQTV, Delta,-1.11365e+008
:EFA_C46428746_EQTV, Gamma,4.2452e+012
:EEM_C46428723_EQTV, Delta,-7.4895e+007
:EEM_C46428723_EQTV, Gamma,-1.4685e+012
:WFC_C94974610_EQTV, Delta,8.0745e+007
:WFC_C94974610_EQTV, Gamma,-6.0651e+012
:MS_C61744644_EQTV, Delta,1.342e+008
:MS_C61744644_EQTV, Gamma,-3.7591e+012
:MRK_C58933Y10_EQTV, Delta,-3.969e+007
:MRK_C58933Y10_EQTV, Gamma,-2.5488e+012
:IVZ_CG491BT10_EQTV, Delta,-8.669e+007
:IVZ_CG491BT10_EQTV, Gamma,-1.1764e+012
:YUM_C98849810_EQTV, Delta,2.73815e+008
:YUM_C98849810_EQTV, Gamma,2.176e+011
:XLF_C81369Y60_EQTV, Delta,1.259e+008
:XLF_C81369Y60_EQTV, Gamma,1.0963e+012
:ABX_C06790110_EQTV, Delta,9.3995e+007
:ABX_C06790110_EQTV, Gamma,-2.0327e+012
:F_C34537086_EQTV, Delta,8.4465e+007
:F_C34537086_EQTV, Gamma,-4.8543e+012
:MU_C59511210_EQTV, Delta,3.36945e+008
:MU_C59511210_EQTV, Gamma,-2.4879e+012
:GM_C37045V10_EQTV, Delta,1.18275e+008
:GM_C37045V10_EQTV, Gamma,-3.9087e+012
:C_C17296742_EQTV, Delta,-8.322e+007
:C_C17296742_EQTV, Gamma,-1.0317e+012
:SWN_C84546710_EQTV, Delta,-1.7849e+008
:SWN_C84546710_EQTV, Gamma,-1.495e+011
:YHOO_C98433210_EQTV, Delta,1.27275e+008
:YHOO_C98433210_EQTV, Gamma,-3.8619e+012
:SJM_C83269640_EQTV, Delta,-6.099e+007
:SJM_C83269640_EQTV, Gamma,-8.517e+011
:WAG_C93142210_EQTV, Delta,1.31375e+008
:WAG_C93142210_EQTV, Gamma,5.05e+010
:PEP_C71344810_EQTV, Delta,2.67165e+008
:PEP_C71344810_EQTV, Gamma,-3.3231e+012
:MET_C59156R10_EQTV, Delta,1.2334e+008
:MET_C59156R10_EQTV, Gamma,-3.8236e+012
:FCX_C35671D85_EQTV, Delta,1.31375e+008
:FCX_C35671D85_EQTV, Gamma,-3.4562e+012
:CMCSA_C20030N10_EQTV, Delta,-1.0102e+008
:CMCSA_C20030N10_EQTV, Gamma,-5.057e+011
:BAC_C06050510_EQTV, Delta,1.64875e+008
:BAC_C06050510_EQTV, Gamma,-4.7305e+012
:USB_C90297330_EQTV, Delta,6.446e+007
:USB_C90297330_EQTV, Gamma,-3.7607e+012
:T_C00206R10_EQTV, Delta,1.29305e+008
:T_C00206R10_EQTV, Gamma,-4.3241e+012
:AAPL_C03783310_EQTV, Delta,3.36775e+008
:AAPL_C03783310_EQTV, Gamma,-1.5463e+012
:DVN_C25179M10_EQTV, Delta,-8.765e+007
:DVN_C25179M10_EQTV, Gamma,1.1231e+012
:CBRL_C22410J10_EQTV, Delta,2.751e+008
:CBRL_C22410J10_EQTV, Gamma,-4.2594e+012
:POT_C73755L10_EQTV, Delta,-1.45955e+008
:POT_C73755L10_EQTV, Gamma,-1.7446e+012
:AFL_C00105510_EQTV, Delta,8.3725e+007
:AFL_C00105510_EQTV, Gamma,-3.2761e+012
:LLY_C53245710_EQTV, Delta,1.28075e+008
:LLY_C53245710_EQTV, Gamma,-1.8962e+012
:DOW_C26054310_EQTV, Delta,1.37725e+008
:DOW_C26054310_EQTV, Gamma,-1.5574e+012
:JNJ_C47816010_EQTV, Delta,7.8745e+007
:JNJ_C47816010_EQTV, Gamma,-2.3596e+012
:DIS_C25468710_EQTV, Delta,-2.6128e+008
:DIS_C25468710_EQTV, Gamma,-2.375e+011
:CAT_C14912310_EQTV, Delta,-2.44915e+008
:CAT_C14912310_EQTV, Gamma,-2.5403e+012
:HOG_C41282210_EQTV, Delta,-1.10635e+008
:HOG_C41282210_EQTV, Gamma,-5.5934e+012
:ABT_C00282410_EQTV, Delta,3.7057e+008
:ABT_C00282410_EQTV, Gamma,-7.6759e+012
:ADBE_C00724F10_EQTV, Delta,-1.41895e+008
:ADBE_C00724F10_EQTV, Gamma,-3.3806e+012
:AIG_C02687478_EQTV, Delta,8.139e+007
:AIG_C02687478_EQTV, Gamma,-3.0201e+012
:CE_C15087010_EQTV, Delta,1.463e+007
:CE_C15087010_EQTV, Gamma,-2.9132e+012
:CRM_C79466L30_EQTV, Delta,9.1815e+007
:CRM_C79466L30_EQTV, Gamma,-2.5092e+012
:CVX_C16676410_EQTV, Delta,1.68565e+008
:CVX_C16676410_EQTV, Gamma,-2.6416e+012
:DOV_C26000310_EQTV, Delta,2.3529e+008
:DOV_C26000310_EQTV, Gamma,-1.2546e+012
:ETN_CG2918310_EQTV, Delta,-3.0344e+008
:ETN_CG2918310_EQTV, Gamma,-3.5116e+012
:HON_C43851610_EQTV, Delta,1.36505e+008
:HON_C43851610_EQTV, Gamma,-9.335e+011
:JCI_C47836610_EQTV, Delta,3.8765e+007
:JCI_C47836610_EQTV, Gamma,-3.4322e+012
:LOW_C54866110_EQTV, Delta,6.705e+006
:LOW_C54866110_EQTV, Gamma,-1.6353e+012
:LVS_C51783410_EQTV, Delta,-7.1055e+007
:LVS_C51783410_EQTV, Gamma,1.134e+011
:NOV_C63707110_EQTV, Delta,2.19785e+008
:NOV_C63707110_EQTV, Gamma,-1.823e+012
:PM_C71817210_EQTV, Delta,-2.00345e+008
:PM_C71817210_EQTV, Gamma,-3.5449e+012
:SHPG_C82481R10_EQTV, Delta,-1.7777e+008
:SHPG_C82481R10_EQTV, Gamma,-2.6119e+012
:UNP_C90781810_EQTV, Delta,2.7601e+008
:UNP_C90781810_EQTV, Gamma,-6.0334e+012
:BRKB_C08467070_EQTV, Delta,5.398e+007
:BRKB_C08467070_EQTV, Gamma,-6.0172e+012
:QCOM_C74752510_EQTV, Delta,8.07e+006
:QCOM_C74752510_EQTV, Gamma,-1.7232e+012
:VLO_C91913Y10_EQTV, Delta,9.207e+007
:VLO_C91913Y10_EQTV, Gamma,-3.2958e+012
:ICE_C45866F10_EQTV, Delta,6.483e+007
:ICE_C45866F10_EQTV, Gamma,-5.94e+010
:IJR_C46428780_EQTV, Delta,9.779e+007
:IJR_C46428780_EQTV, Gamma,-1.9592e+012
:IM_C45715310_EQTV, Delta,2.0125e+007
:IM_C45715310_EQTV, Gamma,-5.9257e+012
:BCR_C06738310_EQTV, Delta,-4.686e+007
:BCR_C06738310_EQTV, Gamma,-2.2806e+012
:AVGO_CY0486S10_EQTV, Delta,1.4434e+008
:AVGO_CY0486S10_EQTV, Gamma,4.253e+011
:MO_C02209S10_EQTV, Delta,1.8442e+008
:MO_C02209S10_EQTV, Gamma,-6.2143e+012
:PCAR_C69371810_EQTV, Delta,-3.235e+007
:PCAR_C69371810_EQTV, Gamma,1.1179e+012
:XON_C46122T10_EQTV, Delta,1.7846e+008
:XON_C46122T10_EQTV, Gamma,-3.4307e+012
:NBR_CG6359F10_EQTV, Delta,2.9787e+008
:NBR_CG6359F10_EQTV, Gamma,-2.3523e+012
:FDX_C31428X10_EQTV, Delta,4.4875e+007
:FDX_C31428X10_EQTV, Gamma,1.0274e+012
:TGT_C87612E10_EQTV, Delta,1.4461e+008
:TGT_C87612E10_EQTV, Gamma,-5.0065e+012
:AXP_C02581610_EQTV, Delta,1.40785e+008
:AXP_C02581610_EQTV, Gamma,8.45e+011
:MNST_C61174010_EQTV, Delta,-2.5986e+008
:MNST_C61174010_EQTV, Gamma,2.6025e+012
:OSK_C68823920_EQTV, Delta,-1.0725e+007
:OSK_C68823920_EQTV, Gamma,-2.8515e+012
:AZN_C04635310_EQTV, Delta,1.72715e+008
:AZN_C04635310_EQTV, Gamma,-1.6709e+012
:APC_C03251110_EQTV, Delta,1.159e+007
:APC_C03251110_EQTV, Gamma,-2.1826e+012
:BURL_C12201710_EQTV, Delta,1.5002e+008
:BURL_C12201710_EQTV, Gamma,-2.0273e+012
:NFLX_C64110L10_EQTV, Delta,2.7345e+007
:NFLX_C64110L10_EQTV, Gamma,-5.4924e+012
:HCA_C40412C10_EQTV, Delta,8.3135e+007
:HCA_C40412C10_EQTV, Gamma,-3.0905e+012
:LNKD_C53578A10_EQTV, Delta,8.5535e+007
:LNKD_C53578A10_EQTV, Gamma,-2.0342e+012
:COST_C22160K10_EQTV, Delta,1.99e+007
:COST_C22160K10_EQTV, Gamma,-6.0004e+012
:FXAED_Forward, Delta,2.3631e+008
:FXAED_Forward, Gamma,-1.5897e+012
:FXAED, Delta,-9.4285e+007
:FXAED, Gamma,-2.2772e+012
:FXAFN, Delta,1.03765e+008
:FXAFN, Gamma,-1.8523e+012
:FXAOA, Delta,3.14425e+008
:FXAOA, Gamma,-4.222e+012
:FXARS_Forward, Delta,-1.3295e+007
:FXARS_Forward, Gamma,-6.304e+011
:IRARS_Interbank, Delta,0
:IRARS_Interbank, Gamma,-0
:FXARS, Delta,1.21245e+008
:FXARS, Gamma,-3.0306e+012
:IRAUD_BBS3M, Delta,0,0,0,0,0,0,0,0,0,0,0
:IRAUD_BBS3M, Gamma,-0,-0,-0,-0,-0,-0,-0,-0,-0,-0,-0
:IRAUD_BBS3M, Gamma,-0,-0,-0,-0,-0,-0,-0,-0,-0,-0,-0
:IRAUD_BBS3M, Gamma,-0,-0,-0,-0,-0,-0,-0,-0,-0,-0,-0
:IRAUD_BBS3M, Gamma,-0,-0,-0,-0,-0,-0,-0,-0,-0,-0,-0
:IRAUD_BBS3M, Gamma,-0,-0,-0,-0,-0,-0,-0,-0,-0,-0,-0
:IRAUD_BBS3M, Gamma,-0,-0,-0,-0,-0,-0,-0,-0,-0,-0,-0
:IRAUD_BBS3M, Gamma,-0,-0,-0,-0,-0,-0,-0,-0,-0,-0,-0
:IRAUD_BBS3M, Gamma,-0,-0,-0,-0,-0,-0,-0,-0,-0,-0,-0
:IRAUD_BBS3M, Gamma,-0,-0,-0,-0,-0,-0,-0,-0,-0,-0,-0
:IRAUD_BBS3M, Gamma,-0,-0,-0,-0,-0,-0,-0,-0,-0,-0,-0
:IRAUD_BBS3M, Gamma,-0,-0,-0,-0,-0,-0,-0,-0,-0,-0,-0
:IRAUD_BBSW, Delta,0
:IRAUD_BBSW, Gamma,-0
:FXAUD, Delta,3.8555e+007
:FXAUD, Gamma,-9.2e+009
:FXBBD, Delta,-3.6445e+007
:FXBBD, Gamma,-6.6503e+012
:FXBDT, Delta,-2.522e+008
:FXBDT, Gamma,-2.6818e+012
:FXBGN_Forward, Delta,-8.34e+007
:FXBGN_Forward, Gamma,2.4117e+012
:FXBGN, Delta,2.1202e+008
:FXBGN, Gamma,-2.4079e+012
:FXBHD_Forward, Delta,-4.1075e+007
:FXBHD_Forward, Gamma,-2.782e+012
:FXBHD, Delta,1.5779e+008
:FXBHD, Gamma,-3.2468e+012
:IRBMD_Interbank, Delta,0
:IRBMD_Interbank, Gamma,-0
:FXBMD, Delta,1.845e+007
:FXBMD, Gamma,-1.4571e+012
:FXBOB, Delta,1.7545e+007
:FXBOB, Gamma,-1.8451e+012
:FXBRL_Forward, Delta,1.08485e+008
:FXBRL_Forward, Gamma,3.4195e+012
:IRBRL_Interbank, Delta,0
:IRBRL_Interbank, Gamma,-0
:FXBRL, Delta,8.745e+006
:FXBRL, Gamma,-2.0049e+012
:FXBWP_Forward, Delta,8.54e+006
:FXBWP_Forward, Gamma,-6.83e+010
:IRBWP_Interbank, Delta,0
:IRBWP_Interbank, Gamma,-0
:FXBWP, Delta,1.7594e+008
:FXBWP, Gamma,-4.7003e+012
:FXBZD, Delta,4.93e+006
:FXBZD, Gamma,1.1588e+012
:FXCAD, Delta,-8.7675e+007
:FXCAD, Gamma,-1.8531e+012
:FXCHF, Delta,-3.33295e+008
:FXCHF, Gamma,-4.5227e+012
:FXCLP_Forward, Delta,6.97e+007
:FXCLP_Forward, Gamma,4.97e+010
:FXCLP, Delta,1.3208e+008
:FXCLP, Gamma,-4.4729e+012
:FXCNY_Forward, Delta,-1.8002e+008
:FXCNY_Forward, Gamma,-1.7287e+012
:FXCNY, Delta,9.769e+007
:FXCNY, Gamma,-3.6625e+012
:FXCOP_Forward, Delta,-2.03585e+008
:FXCOP_Forward, Gamma,1.6466e+012
:IRCOP_Interbank, Delta,0
:IRCOP_Interbank, Gamma,-0
:FXCOP, Delta,-1.51215e+008
:FXCOP, Gamma,-3.4242e+012
:FXCRC, Delta,-6.8845e+007
:FXCRC, Gamma,-2.9675e+012
:FXCVE, Delta,3.04905e+008
:FXCVE, Gamma,-2.9898e+012
:FXCZK, Delta,3.00675e+008
:FXCZK, Gamma,-2.4621e+012
:FXDJF, Delta,7.7375e+007
:FXDJF, Gamma,6.547e+011
:FXDKK, Delta,1.97275e+008
:FXDKK, Gamma,-1.7251e+012
:FXDZD, Delta,2.2918e+008
:FXDZD, Gamma,-1.651e+012
:FXEEK, Delta,4.91e+006
:FXEEK, Gamma,-3.7976e+012
:FXEGP_Forward, Delta,1.5558e+008
:FXEGP_Forward, Gamma,-3.603e+012
:IREGP_Interbank, Delta,0
:IREGP_Interbank, Gamma,-0
:FXEGP, Delta,3.3225e+007
:FXEGP, Gamma,-7.389e+011
:IREUR_CapFloor1M, Delta,0
:IREUR_CapFloor1M, Gamma,-0
:IREUR_CapFloor3M, Delta,0
:IREUR_CapFloor3M, Gamma,-0
:IREUR_CapFloor6M, Delta,0
:IREUR_CapFloor6M, Gamma,-0
:IREUR_EIBOR, Delta,0,0,0,0,0,0,0,0,0,0,0,0
:IREUR_EIBOR, Gamma,-0,-0,-0,-0,-0,-0,-0,-0,-0,-0,-0,-0
:IREUR_EIBOR, Gamma,-0,-0,-0,-0,-0,-0,-0,-0,-0,-0,-0,-0
:IREUR_EIBOR, Gamma,-0,-0,-0,-0,-0,-0,-0,-0,-0,-0,-0,-0
:IREUR_EIBOR, Gamma,-0,-0,-0,-0,-0,-0,-0,-0,-0,-0,-0,-0
:IREUR_EIBOR, Gamma,-0,-0,-0,-0,-0,-0,-0,-0,-0,-0,-0,-0
:IREUR_EIBOR, Gamma,-0,-0,-0,-0,-0,-0,-0,-0,-0,-0,-0,-0
:IREUR_EIBOR, Gamma,-0,-0,-0,-0,-0,-0,-0,-0,-0,-0,-0,-0
:IREUR_EIBOR, Gamma,-0,-0,-0,-0,-0,-0,-0,-0,-0,-0,-0,-0
:IREUR_EIBOR, Gamma,-0,-0,-0,-0,-0,-0,-0,-0,-0,-0,-0,-0
:IREUR_EIBOR, Gamma,-0,-0,-0,-0,-0,-0,-0,-0,-0,-0,-0,-0
:IREUR_EIBOR, Gamma,-0,-0,-0,-0,-0,-0,-0,-0,-0,-0,-0,-0
:IREUR_EIBOR, Gamma,-0,-0,-0,-0,-0,-0,-0,-0,-0,-0,-0,-0
:IREUR_EONIA, Delta,0,0,0,0,0,0,0,0,0,0,0,0
:IREUR_EONIA, Gamma,-0,-0,-0,-0,-0,-0,-0,-0,-0,-0,-0,-0
:IREUR_EONIA, Gamma,-0,-0,-0,-0,-0,-0,-0,-0,-0,-0,-0,-0
:IREUR_EONIA, Gamma,-0,-0,-0,-0,-0,-0,-0,-0,-0,-0,-0,-0
:IREUR_EONIA, Gamma,-0,-0,-0,-0,-0,-0,-0,-0,-0,-0,-0,-0
:IREUR_EONIA, Gamma,-0,-0,-0,-0,-0,-0,-0,-0,-0,-0,-0,-0
:IREUR_EONIA, Gamma,-0,-0,-0,-0,-0,-0,-0,-0,-0,-0,-0,-0
:IREUR_EONIA, Gamma,-0,-0,-0,-0,-0,-0,-0,-0,-0,-0,-0,-0
:IREUR_EONIA, Gamma,-0,-0,-0,-0,-0,-0,-0,-0,-0,-0,-0,-0
:IREUR_EONIA, Gamma,-0,-0,-0,-0,-0,-0,-0,-0,-0,-0,-0,-0
:IREUR_EONIA, Gamma,-0,-0,-0,-0,-0,-0,-0,-0,-0,-0,-0,-0
:IREUR_EONIA, Gamma,-0,-0,-0,-0,-0,-0,-0,-0,-0,-0,-0,-0
:IREUR_EONIA, Gamma,-0,-0,-0,-0,-0,-0,-0,-0,-0,-0,-0,-0
:FXEUR, Delta,2.0804e+008
:FXEUR, Gamma,-1.7342e+012
:IREUR_Swaption, Delta,0
:IREUR_Swaption, Gamma,-0
:FXFJD, Delta,6.1625e+007
:FXFJD, Gamma,-1.6106e+012
:IRGBP_Deposit, Delta,0
:IRGBP_Deposit, Gamma,-0
:IRGBP_SONIA, Delta,0,0,0,0,0,0,0,0,0,0,0
:IRGBP_SONIA, Gamma,-0,-0,-0,-0,-0,-0,-0,-0,-0,-0,-0
:IRGBP_SONIA, Gamma,-0,-0,-0,-0,-0,-0,-0,-0,-0,-0,-0
:IRGBP_SONIA, Gamma,-0,-0,-0,-0,-0,-0,-0,-0,-0,-0,-0
:IRGBP_SONIA, Gamma,-0,-0,-0,-0,-0,-0,-0,-0,-0,-0,-0
:IRGBP_SONIA, Gamma,-0,-0,-0,-0,-0,-0,-0,-0,-0,-0,-0
:IRGBP_SONIA, Gamma,-0,-0,-0,-0,-0,-0,-0,-0,-0,-0,-0
:IRGBP_SONIA, Gamma,-0,-0,-0,-0,-0,-0,-0,-0,-0,-0,-0
:IRGBP_SONIA, Gamma,-0,-0,-0,-0,-0,-0,-0,-0,-0,-0,-0
:IRGBP_SONIA, Gamma,-0,-0,-0,-0,-0,-0,-0,-0,-0,-0,-0
:IRGBP_SONIA, Gamma,-0,-0,-0,-0,-0,-0,-0,-0,-0,-0,-0
:IRGBP_SONIA, Gamma,-0,-0,-0,-0,-0,-0,-0,-0,-0,-0,-0
:FXGBP, Delta,4.52785e+008
:FXGBP, Gamma,-1.7029e+012
:IRGBP_Swaption, Delta,0
:IRGBP_Swaption, Gamma,-0
:IRGBP_USDCC, Delta,0,0,0,0,0,0,0,0,0,0,0
:IRGBP_USDCC, Gamma,-0,-0,-0,-0,-0,-0,-0,-0,-0,-0,-0
:IRGBP_USDCC, Gamma,-0,-0,-0,-0,-0,-0,-0,-0,-0,-0,-0
:IRGBP_USDCC, Gamma,-0,-0,-0,-0,-0,-0,-0,-0,-0,-0,-0
:IRGBP_USDCC, Gamma,-0,-0,-0,-0,-0,-0,-0,-0,-0,-0,-0
:IRGBP_USDCC, Gamma,-0,-0,-0,-0,-0,-0,-0,-0,-0,-0,-0
:IRGBP_USDCC, Gamma,-0,-0,-0,-0,-0,-0,-0,-0,-0,-0,-0
:IRGBP_USDCC, Gamma,-0,-0,-0,-0,-0,-0,-0,-0,-0,-0,-0
:IRGBP_USDCC, Gamma,-0,-0,-0,-0,-0,-0,-0,-0,-0,-0,-0
:IRGBP_USDCC, Gamma,-0,-0,-0,-0,-0,-0,-0,-0,-0,-0,-0
:IRGBP_USDCC, Gamma,-0,-0,-0,-0,-0,-0,-0,-0,-0,-0,-0
:IRGBP_USDCC, Gamma,-0,-0,-0,-0,-0,-0,-0,-0,-0,-0,-0
:FXGHS, Delta,1.27515e+008
:FXGHS, Gamma,3.666e+011
:FXGNF, Delta,-1.389e+007
:FXGNF, Gamma,2.2188e+012
:FXGTQ, Delta,-1.7589e+008
:FXGTQ, Gamma,-1.2465e+012
:FXGYD, Delta,-8.1125e+007
:FXGYD, Gamma,-4.732e+011
:IRHKD_HIBOR, Delta,0
:IRHKD_HIBOR, Gamma,-0
:FXHKD, Delta,7.2955e+007
:FXHKD, Gamma,-2.0512e+012
:FXHNL, Delta,3.32725e+008
:FXHNL, Gamma,-3.19e+011
:FXHRK_Forward, Delta,-1.7681e+008
:FXHRK_Forward, Gamma,-2.0299e+012
:FXHRK, Delta,7.234e+007
:FXHRK, Gamma,1.5023e+012
:HUBB_C44351020_EQTV, Delta,1.19935e+008
:HUBB_C44351020_EQTV, Gamma,1.5539e+012
:FXHUF_Forward, Delta,3.297e+007
:FXHUF_Forward, Gamma,-3.9879e+012
:IRHUF_Interbank, Delta,0
:IRHUF_Interbank, Gamma,-0
:FXHUF, Delta,6.315e+006
:FXHUF, Gamma,-2.6802e+012
:index_euro1, Delta,0
:index_euro1, Gamma,-0
:index_cap1m11, Delta,0
:index_cap1m11, Gamma,-0
:index_cap1m21, Delta,0
:index_cap1m21, Gamma,-0
:index_cap3m11, Delta,0
:index_cap3m11, Gamma,-0
:index_cap3m21, Delta,0
:index_cap3m21, Gamma,-0
:index_cap6m11, Delta,0
:index_cap6m11, Gamma,-0
:index_cap6m21, Delta,0
:index_cap6m21, Gamma,-0
:FXIDR_Forward, Delta,1.79635e+008
:FXIDR_Forward, Gamma,1.616e+011
:IRIDR_Interbank, Delta,0
:IRIDR_Interbank, Gamma,-0
:FXIDR, Delta,-2.26915e+008
:FXIDR, Gamma,-1.6481e+012
:FXILS_Forward, Delta,2.5681e+008
:FXILS_Forward, Gamma,-1.9369e+012
:IRILS_Interbank, Delta,0
:IRILS_Interbank, Gamma,-0
:FXILS, Delta,-2.0485e+007
:FXILS, Gamma,-4.079e+011
:FXINR_Forward, Delta,-9.516e+007
:FXINR_Forward, Gamma,1.5882e+012
:IRINR_Interbank, Delta,0
:IRINR_Interbank, Gamma,-0
:FXINR, Delta,-5.29e+007
:FXINR, Gamma,-1.5527e+012
:FXIRR, Delta,1.5716e+008
:FXIRR, Gamma,1.3636e+012
:FXISK_Forward, Delta,-8.4e+006
:FXISK_Forward, Gamma,-3.447e+011
:FXISK, Delta,-1.58335e+008
:FXISK, Gamma,-7.211e+011
:FXJMD, Delta,-8.5175e+007
:FXJMD, Gamma,-3.7645e+012
:FXJOD_Forward, Delta,-3.821e+007
:FXJOD_Forward, Gamma,2.882e+011
:FXJOD, Delta,-2.46025e+008
:FXJOD, Gamma,-1.1573e+012
:IRJPY_CapFloor6M, Delta,0
:IRJPY_CapFloor6M, Gamma,-0
:IRJPY_Interbank1, Delta,0
:IRJPY_Interbank1, Gamma,-0
:IRJPY_LIB1Y, Delta,0,0,0,0,0,0,0,0,0,0,0
:IRJPY_LIB1Y, Gamma,-0,-0,-0,-0,-0,-0,-0,-0,-0,-0,-0
:IRJPY_LIB1Y, Gamma,-0,-0,-0,-0,-0,-0,-0,-0,-0,-0,-0
:IRJPY_LIB1Y, Gamma,-0,-0,-0,-0,-0,-0,-0,-0,-0,-0,-0
:IRJPY_LIB1Y, Gamma,-0,-0,-0,-0,-0,-0,-0,-0,-0,-0,-0
:IRJPY_LIB1Y, Gamma,-0,-0,-0,-0,-0,-0,-0,-0,-0,-0,-0
:IRJPY_LIB1Y, Gamma,-0,-0,-0,-0,-0,-0,-0,-0,-0,-0,-0
:IRJPY_LIB1Y, Gamma,-0,-0,-0,-0,-0,-0,-0,-0,-0,-0,-0
:IRJPY_LIB1Y, Gamma,-0,-0,-0,-0,-0,-0,-0,-0,-0,-0,-0
:IRJPY_LIB1Y, Gamma,-0,-0,-0,-0,-0,-0,-0,-0,-0,-0,-0
:IRJPY_LIB1Y, Gamma,-0,-0,-0,-0,-0,-0,-0,-0,-0,-0,-0
:IRJPY_LIB1Y, Gamma,-0,-0,-0,-0,-0,-0,-0,-0,-0,-0,-0
:IRJPY_LIB3M, Delta,0,0,0,0,0,0,0,0,0,0,0
:IRJPY_LIB3M, Gamma,-0,-0,-0,-0,-0,-0,-0,-0,-0,-0,-0
:IRJPY_LIB3M, Gamma,-0,-0,-0,-0,-0,-0,-0,-0,-0,-0,-0
:IRJPY_LIB3M, Gamma,-0,-0,-0,-0,-0,-0,-0,-0,-0,-0,-0
:IRJPY_LIB3M, Gamma,-0,-0,-0,-0,-0,-0,-0,-0,-0,-0,-0
:IRJPY_LIB3M, Gamma,-0,-0,-0,-0,-0,-0,-0,-0,-0,-0,-0
:IRJPY_LIB3M, Gamma,-0,-0,-0,-0,-0,-0,-0,-0,-0,-0,-0
:IRJPY_LIB3M, Gamma,-0,-0,-0,-0,-0,-0,-0,-0,-0,-0,-0
:IRJPY_LIB3M, Gamma,-0,-0,-0,-0,-0,-0,-0,-0,-0,-0,-0
:IRJPY_LIB3M, Gamma,-0,-0,-0,-0,-0,-0,-0,-0,-0,-0,-0
:IRJPY_LIB3M, Gamma,-0,-0,-0,-0,-0,-0,-0,-0,-0,-0,-0
:IRJPY_LIB3M, Gamma,-0,-0,-0,-0,-0,-0,-0,-0,-0,-0,-0
:FXJPY, Delta,2.6304e+008
:FXJPY, Gamma,1.1913e+012
:IRJPY_Swaption, Delta,0
:IRJPY_Swaption, Gamma,-0
:IRJPY_TIB1M, Delta,0,0,0,0,0,0,0,0,0,0,0
:IRJPY_TIB1M, Gamma,-0,-0,-0,-0,-0,-0,-0,-0,-0,-0,-0
:IRJPY_TIB1M, Gamma,-0,-0,-0,-0,-0,-0,-0,-0,-0,-0,-0
:IRJPY_TIB1M, Gamma,-0,-0,-0,-0,-0,-0,-0,-0,-0,-0,-0
:IRJPY_TIB1M, Gamma,-0,-0,-0,-0,-0,-0,-0,-0,-0,-0,-0
:IRJPY_TIB1M, Gamma,-0,-0,-0,-0,-0,-0,-0,-0,-0,-0,-0
:IRJPY_TIB1M, Gamma,-0,-0,-0,-0,-0,-0,-0,-0,-0,-0,-0
:IRJPY_TIB1M, Gamma,-0,-0,-0,-0,-0,-0,-0,-0,-0,-0,-0
:IRJPY_TIB1M, Gamma,-0,-0,-0,-0,-0,-0,-0,-0,-0,-0,-0
:IRJPY_TIB1M, Gamma,-0,-0,-0,-0,-0,-0,-0,-0,-0,-0,-0
:IRJPY_TIB1M, Gamma,-0,-0,-0,-0,-0,-0,-0,-0,-0,-0,-0
:IRJPY_TIB1M, Gamma,-0,-0,-0,-0,-0,-0,-0,-0,-0,-0,-0
:IRJPY_TIB3M, Delta,0,0,0,0,0,0,0,0,0,0,0
:IRJPY_TIB3M, Gamma,-0,-0,-0,-0,-0,-0,-0,-0,-0,-0,-0
:IRJPY_TIB3M, Gamma,-0,-0,-0,-0,-0,-0,-0,-0,-0,-0,-0
:IRJPY_TIB3M, Gamma,-0,-0,-0,-0,-0,-0,-0,-0,-0,-0,-0
:IRJPY_TIB3M, Gamma,-0,-0,-0,-0,-0,-0,-0,-0,-0,-0,-0
:IRJPY_TIB3M, Gamma,-0,-0,-0,-0,-0,-0,-0,-0,-0,-0,-0
:IRJPY_TIB3M, Gamma,-0,-0,-0,-0,-0,-0,-0,-0,-0,-0,-0
:IRJPY_TIB3M, Gamma,-0,-0,-0,-0,-0,-0,-0,-0,-0,-0,-0
:IRJPY_TIB3M, Gamma,-0,-0,-0,-0,-0,-0,-0,-0,-0,-0,-0
:IRJPY_TIB3M, Gamma,-0,-0,-0,-0,-0,-0,-0,-0,-0,-0,-0
:IRJPY_TIB3M, Gamma,-0,-0,-0,-0,-0,-0,-0,-0,-0,-0,-0
:IRJPY_TIB3M, Gamma,-0,-0,-0,-0,-0,-0,-0,-0,-0,-0,-0
:IRJPY_TIBOR, Delta,0,0,0,0,0,0,0,0,0,0,0
:IRJPY_TIBOR, Gamma,-0,-0,-0,-0,-0,-0,-0,-0,-0,-0,-0
:IRJPY_TIBOR, Gamma,-0,-0,-0,-0,-0,-0,-0,-0,-0,-0,-0
:IRJPY_TIBOR, Gamma,-0,-0,-0,-0,-0,-0,-0,-0,-0,-0,-0
:IRJPY_TIBOR, Gamma,-0,-0,-0,-0,-0,-0,-0,-0,-0,-0,-0
:IRJPY_TIBOR, Gamma,-0,-0,-0,-0,-0,-0,-0,-0,-0,-0,-0
:IRJPY_TIBOR, Gamma,-0,-0,-0,-0,-0,-0,-0,-0,-0,-0,-0
:IRJPY_TIBOR, Gamma,-0,-0,-0,-0,-0,-0,-0,-0,-0,-0,-0
:IRJPY_TIBOR, Gamma,-0,-0,-0,-0,-0,-0,-0,-0,-0,-0,-0
:IRJPY_TIBOR, Gamma,-0,-0,-0,-0,-0,-0,-0,-0,-0,-0,-0
:IRJPY_TIBOR, Gamma,-0,-0,-0,-0,-0,-0,-0,-0,-0,-0,-0
:IRJPY_TIBOR, Gamma,-0,-0,-0,-0,-0,-0,-0,-0,-0,-0,-0
:FXKES_Forward, Delta,-5.303e+007
:FXKES_Forward, Gamma,-2.1415e+012
:IRKES_Interbank, Delta,0
:IRKES_Interbank, Gamma,-0
:FXKES, Delta,2.0362e+008
:FXKES, Gamma,-6.748e+011
:FXKGS, Delta,6.132e+007
:FXKGS, Gamma,-4.3116e+012
:FXKHR, Delta,-9.341e+007
:FXKHR, Gamma,1.0943e+012
:FXKRW_Forward, Delta,5.4065e+007
:FXKRW_Forward, Gamma,-2.7407e+012
:IRKRW_Interbank, Delta,0
:IRKRW_Interbank, Gamma,-0
:FXKRW, Delta,-1.2568e+008
:FXKRW, Gamma,9.619e+011
:FXKWD, Delta,-5.718e+007
:FXKWD, Gamma,-1.1826e+012
:FXKZT_Forward, Delta,2.43115e+008
:FXKZT_Forward, Gamma,-2.596e+012
:FXKZT, Delta,2.276e+007
:FXKZT, Gamma,-2.8415e+012
:FXLBP, Delta,2.29715e+008
:FXLBP, Gamma,-1.8875e+012
:FXLKR_Forward, Delta,-1.0087e+008
:FXLKR_Forward, Gamma,1.4461e+012
:IRLKR_Interbank, Delta,0
:IRLKR_Interbank, Gamma,-0
:FXLKR, Delta,3.7575e+007
:FXLKR, Gamma,1.1472e+012
:FXLTL_Forward, Delta,1.87775e+008
:FXLTL_Forward, Gamma,-3.3287e+012
:FXLTL, Delta,3.3785e+007
:FXLTL, Gamma,-3.875e+012
:FXLVL, Delta,-2.122e+007
:FXLVL, Gamma,-1.6586e+012
:FXMAD_Forward, Delta,9.772e+007
:FXMAD_Forward, Gamma,-3.109e+012
:IRMAD_Interbank, Delta,0
:IRMAD_Interbank, Gamma,-0
:FXMAD, Delta,8.4755e+007
:FXMAD, Gamma,-1.9868e+012
:FXMUR_Forward, Delta,1.28205e+008
:FXMUR_Forward, Gamma,-4.6683e+012
:IRMUR_Interbank, Delta,0
:IRMUR_Interbank, Gamma,-0
:FXMUR, Delta,7.966e+007
:FXMUR, Gamma,-4.6021e+012
:FXMWK, Delta,1.20635e+008
:FXMWK, Gamma,-1.8074e+012
:FXMXN_Forward, Delta,1.8057e+008
:FXMXN_Forward, Gamma,4.383e+011
:FXMXN, Delta,5.313e+007
:FXMXN, Gamma,-1.6257e+012
:IRMYR_Interbank, Delta,0
:IRMYR_Interbank, Gamma,-0
:FXMYR, Delta,1.0925e+007
:FXMYR, Gamma,-2.5271e+012
:FXMZN, Delta,3.9655e+007
:FXMZN, Gamma,-7.408e+011
:FXNAD, Delta,2.83845e+008
:FXNAD, Gamma,-1.7988e+012
:FXNGN_Forward, Delta,-4.938e+007
:FXNGN_Forward, Gamma,6.294e+011
:FXNGN, Delta,2.08095e+008
:FXNGN, Gamma,-3.9909e+012
:IRNOK_Interbank, Delta,0
:IRNOK_Interbank, Gamma,-0
:FXNOK, Delta,1.4924e+008
:FXNOK, Gamma,-9.512e+011
:IRNZD_Interbank, Delta,0
:IRNZD_Interbank, Gamma,-0
:FXNZD, Delta,1.8625e+008
:FXNZD, Gamma,-1.9138e+012
:FXOMR_Forward, Delta,3.566e+007
:FXOMR_Forward, Gamma,-2.4962e+012
:FXOMR, Delta,-1.206e+007
:FXOMR, Gamma,-1.9236e+012
:FXPAB, Delta,4.087e+007
:FXPAB, Gamma,-5.11e+012
:FXPEN_Forward, Delta,-6.212e+007
:FXPEN_Forward, Gamma,-2.8273e+012
:IRPEN_Interbank, Delta,0
:IRPEN_Interbank, Gamma,-0
:FXPEN, Delta,3.3605e+007
:FXPEN, Gamma,-2.7662e+012
:FXPGK, Delta,3.2615e+008
:FXPGK, Gamma,-5.3207e+012
:FXPHP_Forward, Delta,-1.173e+007
:FXPHP_Forward, Gamma,-2.5071e+012
:IRPHP_Interbank, Delta,0
:IRPHP_Interbank, Gamma,-0
:FXPHP, Delta,-2.2192e+008
:FXPHP, Gamma,1.69e+010
:FXPKR_Forward, Delta,3.2838e+008
:FXPKR_Forward, Gamma,-2.2911e+012
:IRPKR_Interbank, Delta,0
:IRPKR_Interbank, Gamma,-0
:FXPKR, Delta,5.6135e+007
:FXPKR, Gamma,-5.0264e+012
:FXPLN_Forward, Delta,1.2373e+008
:FXPLN_Forward, Gamma,-2.8021e+012
:FXPLN, Delta,-7.884e+007
:FXPLN, Gamma,-6.795e+011
:FXPYG, Delta,-1.8535e+007
:FXPYG, Gamma,-4.4339e+012
:FXQAR_Forward, Delta,2.70255e+008
:FXQAR_Forward, Gamma,-1.5453e+012
:FXQAR, Delta,-7.706e+007
:FXQAR, Gamma,-2.7961e+012
:REFI_DAILY, Delta,-1.7481e+008
:REFI_DAILY, Gamma,-5.0286e+012
:FXRON_Forward, Delta,-2.07345e+008
:FXRON_Forward, Gamma,-2.0568e+012
:IRRON_Interbank, Delta,0
:IRRON_Interbank, Gamma,-0
:FXRON, Delta,2.69115e+008
:FXRON, Gamma,-4.2876e+012
:FXRSD_Forward, Delta,6.425e+007
:FXRSD_Forward, Gamma,1.4467e+012
:FXRSD, Delta,3.25365e+008
:FXRSD, Gamma,-3.3081e+012
:FXRUB_Forward, Delta,2.18415e+008
:FXRUB_Forward, Gamma,1.7679e+012
:FXRUB, Delta,-2.1283e+008
:FXRUB, Gamma,-2.537e+011
:FXSAR, Delta,6.744e+007
:FXSAR, Gamma,-1.782e+012
:FXSBD, Delta,2.7949e+008
:FXSBD, Gamma,-1.9591e+012
:FXSEK, Delta,-310000
:FXSEK, Gamma,-2.546e+012
:IRSGD_Interbank, Delta,0
:IRSGD_Interbank, Gamma,-0
:FXSGD, Delta,-1.33505e+008
:FXSGD, Gamma,-2.5546e+012
:FXSRD, Delta,-4.5255e+007
:FXSRD, Gamma,-2.4303e+012
:FXSZL, Delta,1.44465e+008
:FXSZL, Gamma,-3.1044e+012
:FXTHB_Forward, Delta,-9.9715e+007
:FXTHB_Forward, Gamma,-3.4598e+012
:IRTHB_Interbank, Delta,0
:IRTHB_Interbank, Gamma,-0
:FXTHB, Delta,1.55795e+008
:FXTHB, Gamma,-2.7299e+012
:FXTND, Delta,4.332e+007
:FXTND, Gamma,-3.4983e+012
:IRTRY_Interbank, Delta,0
:IRTRY_Interbank, Gamma,-0
:FXTRY, Delta,-1.7551e+008
:FXTRY, Gamma,-1.5284e+012
:FXTTD, Delta,2.873e+008
:FXTTD, Gamma,-8.702e+011
:TURNOVER_DAILY, Delta,1.7665e+008
:TURNOVER_DAILY, Gamma,-2.9059e+012
:FXTWD_Forward, Delta,2.9715e+007
:FXTWD_Forward, Gamma,-7.71e+011
:IRTWD_Interbank, Delta,0
:IRTWD_Interbank, Gamma,-0
:FXTWD, Delta,4.9115e+007
:FXTWD, Gamma,-3.311e+011
:FXUAH, Delta,2.0723e+008
:FXUAH, Gamma,-1.2128e+012
:FXUGX, Delta,-505000
:FXUGX, Gamma,5.713e+011
:IRUSD_CapFloor1M, Delta,0
:IRUSD_CapFloor1M, Gamma,-0
:IRUSD_CapFloor3M, Delta,0
:IRUSD_CapFloor3M, Gamma,-0
:IRUSD_CapFloor6M, Delta,0
:IRUSD_CapFloor6M, Gamma,-0
:IRUSD_FEDFD, Delta,0,0,0,0,0,0,0,0,0,0,0,0,0,0
:IRUSD_FEDFD, Gamma,-0,-0,-0,-0,-0,-0,-0,-0,-0,-0,-0,-0,-0,-0
:IRUSD_FEDFD, Gamma,-0,-0,-0,-0,-0,-0,-0,-0,-0,-0,-0,-0,-0,-0
:IRUSD_FEDFD, Gamma,-0,-0,-0,-0,-0,-0,-0,-0,-0,-0,-0,-0,-0,-0
:IRUSD_FEDFD, Gamma,-0,-0,-0,-0,-0,-0,-0,-0,-0,-0,-0,-0,-0,-0
:IRUSD_FEDFD, Gamma,-0,-0,-0,-0,-0,-0,-0,-0,-0,-0,-0,-0,-0,-0
:IRUSD_FEDFD, Gamma,-0,-0,-0,-0,-0,-0,-0,-0,-0,-0,-0,-0,-0,-0
:IRUSD_FEDFD, Gamma,-0,-0,-0,-0,-0,-0,-0,-0,-0,-0,-0,-0,-0,-0
:IRUSD_FEDFD, Gamma,-0,-0,-0,-0,-0,-0,-0,-0,-0,-0,-0,-0,-0,-0
:IRUSD_FEDFD, Gamma,-0,-0,-0,-0,-0,-0,-0,-0,-0,-0,-0,-0,-0,-0
:IRUSD_FEDFD, Gamma,-0,-0,-0,-0,-0,-0,-0,-0,-0,-0,-0,-0,-0,-0
:IRUSD_FEDFD, Gamma,-0,-0,-0,-0,-0,-0,-0,-0,-0,-0,-0,-0,-0,-0
:IRUSD_FEDFD, Gamma,-0,-0,-0,-0,-0,-0,-0,-0,-0,-0,-0,-0,-0,-0
:IRUSD_FEDFD, Gamma,-0,-0,-0,-0,-0,-0,-0,-0,-0,-0,-0,-0,-0,-0
:IRUSD_FEDFD, Gamma,-0,-0,-0,-0,-0,-0,-0,-0,-0,-0,-0,-0,-0,-0
:FXUSD_Forward, Delta,-1.8869e+008
:FXUSD_Forward, Gamma,-1.6186e+012
:IRUSD_GOAAA, Delta,0
:IRUSD_GOAAA, Gamma,-0
:IRUSD_INAAA, Delta,0,0,0,0,0,0,0
:IRUSD_INAAA, Gamma,-0,-0,-0,-0,-0,-0,-0
:IRUSD_INAAA, Gamma,-0,-0,-0,-0,-0,-0,-0
:IRUSD_INAAA, Gamma,-0,-0,-0,-0,-0,-0,-0
:IRUSD_INAAA, Gamma,-0,-0,-0,-0,-0,-0,-0
:IRUSD_INAAA, Gamma,-0,-0,-0,-0,-0,-0,-0
:IRUSD_INAAA, Gamma,-0,-0,-0,-0,-0,-0,-0
:IRUSD_INAAA, Gamma,-0,-0,-0,-0,-0,-0,-0
:IRUSD_LIA6M, Delta,0,0,0,0,0,0,0,0,0,0,0,0,0,0
:IRUSD_LIA6M, Gamma,-0,-0,-0,-0,-0,-0,-0,-0,-0,-0,-0,-0,-0,-0
:IRUSD_LIA6M, Gamma,-0,-0,-0,-0,-0,-0,-0,-0,-0,-0,-0,-0,-0,-0
:IRUSD_LIA6M, Gamma,-0,-0,-0,-0,-0,-0,-0,-0,-0,-0,-0,-0,-0,-0
:IRUSD_LIA6M, Gamma,-0,-0,-0,-0,-0,-0,-0,-0,-0,-0,-0,-0,-0,-0
:IRUSD_LIA6M, Gamma,-0,-0,-0,-0,-0,-0,-0,-0,-0,-0,-0,-0,-0,-0
:IRUSD_LIA6M, Gamma,-0,-0,-0,-0,-0,-0,-0,-0,-0,-0,-0,-0,-0,-0
:IRUSD_LIA6M, Gamma,-0,-0,-0,-0,-0,-0,-0,-0,-0,-0,-0,-0,-0,-0
:IRUSD_LIA6M, Gamma,-0,-0,-0,-0,-0,-0,-0,-0,-0,-0,-0,-0,-0,-0
:IRUSD_LIA6M, Gamma,-0,-0,-0,-0,-0,-0,-0,-0,-0,-0,-0,-0,-0,-0
:IRUSD_LIA6M, Gamma,-0,-0,-0,-0,-0,-0,-0,-0,-0,-0,-0,-0,-0,-0
:IRUSD_LIA6M, Gamma,-0,-0,-0,-0,-0,-0,-0,-0,-0,-0,-0,-0,-0,-0
:IRUSD_LIA6M, Gamma,-0,-0,-0,-0,-0,-0,-0,-0,-0,-0,-0,-0,-0,-0
:IRUSD_LIA6M, Gamma,-0,-0,-0,-0,-0,-0,-0,-0,-0,-0,-0,-0,-0,-0
:IRUSD_LIA6M, Gamma,-0,-0,-0,-0,-0,-0,-0,-0,-0,-0,-0,-0,-0,-0
:IRUSD_LIB1Y, Delta,0,0,0,0,0,0,0,0,0,0,0,0,0,0
:IRUSD_LIB1Y, Gamma,-0,-0,-0,-0,-0,-0,-0,-0,-0,-0,-0,-0,-0,-0
:IRUSD_LIB1Y, Gamma,-0,-0,-0,-0,-0,-0,-0,-0,-0,-0,-0,-0,-0,-0
:IRUSD_LIB1Y, Gamma,-0,-0,-0,-0,-0,-0,-0,-0,-0,-0,-0,-0,-0,-0
:IRUSD_LIB1Y, Gamma,-0,-0,-0,-0,-0,-0,-0,-0,-0,-0,-0,-0,-0,-0
:IRUSD_LIB1Y, Gamma,-0,-0,-0,-0,-0,-0,-0,-0,-0,-0,-0,-0,-0,-0
:IRUSD_LIB1Y, Gamma,-0,-0,-0,-0,-0,-0,-0,-0,-0,-0,-0,-0,-0,-0
:IRUSD_LIB1Y, Gamma,-0,-0,-0,-0,-0,-0,-0,-0,-0,-0,-0,-0,-0,-0
:IRUSD_LIB1Y, Gamma,-0,-0,-0,-0,-0,-0,-0,-0,-0,-0,-0,-0,-0,-0
:IRUSD_LIB1Y, Gamma,-0,-0,-0,-0,-0,-0,-0,-0,-0,-0,-0,-0,-0,-0
:IRUSD_LIB1Y, Gamma,-0,-0,-0,-0,-0,-0,-0,-0,-0,-0,-0,-0,-0,-0
:IRUSD_LIB1Y, Gamma,-0,-0,-0,-0,-0,-0,-0,-0,-0,-0,-0,-0,-0,-0
:IRUSD_LIB1Y, Gamma,-0,-0,-0,-0,-0,-0,-0,-0,-0,-0,-0,-0,-0,-0
:IRUSD_LIB1Y, Gamma,-0,-0,-0,-0,-0,-0,-0,-0,-0,-0,-0,-0,-0,-0
:IRUSD_LIB1Y, Gamma,-0,-0,-0,-0,-0,-0,-0,-0,-0,-0,-0,-0,-0,-0
:IRUSD_LIB6M, Delta,0,0,0,0,0,0,0,0,0,0,0,0,0,0
:IRUSD_LIB6M, Gamma,-0,-0,-0,-0,-0,-0,-0,-0,-0,-0,-0,-0,-0,-0
:IRUSD_LIB6M, Gamma,-0,-0,-0,-0,-0,-0,-0,-0,-0,-0,-0,-0,-0,-0
:IRUSD_LIB6M, Gamma,-0,-0,-0,-0,-0,-0,-0,-0,-0,-0,-0,-0,-0,-0
:IRUSD_LIB6M, Gamma,-0,-0,-0,-0,-0,-0,-0,-0,-0,-0,-0,-0,-0,-0
:IRUSD_LIB6M, Gamma,-0,-0,-0,-0,-0,-0,-0,-0,-0,-0,-0,-0,-0,-0
:IRUSD_LIB6M, Gamma,-0,-0,-0,-0,-0,-0,-0,-0,-0,-0,-0,-0,-0,-0
:IRUSD_LIB6M, Gamma,-0,-0,-0,-0,-0,-0,-0,-0,-0,-0,-0,-0,-0,-0
:IRUSD_LIB6M, Gamma,-0,-0,-0,-0,-0,-0,-0,-0,-0,-0,-0,-0,-0,-0
:IRUSD_LIB6M, Gamma,-0,-0,-0,-0,-0,-0,-0,-0,-0,-0,-0,-0,-0,-0
:IRUSD_LIB6M, Gamma,-0,-0,-0,-0,-0,-0,-0,-0,-0,-0,-0,-0,-0,-0
:IRUSD_LIB6M, Gamma,-0,-0,-0,-0,-0,-0,-0,-0,-0,-0,-0,-0,-0,-0
:IRUSD_LIB6M, Gamma,-0,-0,-0,-0,-0,-0,-0,-0,-0,-0,-0,-0,-0,-0
:IRUSD_LIB6M, Gamma,-0,-0,-0,-0,-0,-0,-0,-0,-0,-0,-0,-0,-0,-0
:IRUSD_LIB6M, Gamma,-0,-0,-0,-0,-0,-0,-0,-0,-0,-0,-0,-0,-0,-0
:IRUSD_MBS_CC_OAS, Delta,1.3547e+008
:IRUSD_MBS_CC_OAS, Gamma,-2.8703e+012
:IRUSD_MUAAA, Delta,0,0,0,0,0,0,0,0,0,0
:IRUSD_MUAAA, Gamma,-0,-0,-0,-0,-0,-0,-0,-0,-0,-0
:IRUSD_MUAAA, Gamma,-0,-0,-0,-0,-0,-0,-0,-0,-0,-0
:IRUSD_MUAAA, Gamma,-0,-0,-0,-0,-0,-0,-0,-0,-0,-0
:IRUSD_MUAAA, Gamma,-0,-0,-0,-0,-0,-0,-0,-0,-0,-0
:IRUSD_MUAAA, Gamma,-0,-0,-0,-0,-0,-0,-0,-0,-0,-0
:IRUSD_MUAAA, Gamma,-0,-0,-0,-0,-0,-0,-0,-0,-0,-0
:IRUSD_MUAAA, Gamma,-0,-0,-0,-0,-0,-0,-0,-0,-0,-0
:IRUSD_MUAAA, Gamma,-0,-0,-0,-0,-0,-0,-0,-0,-0,-0
:IRUSD_MUAAA, Gamma,-0,-0,-0,-0,-0,-0,-0,-0,-0,-0
:IRUSD_MUAAA, Gamma,-0,-0,-0,-0,-0,-0,-0,-0,-0,-0
:IRUSD_MUNI, Delta,0,0,0,0,0,0,0,0,0,0,0,0,0,0
:IRUSD_MUNI, Gamma,-0,-0,-0,-0,-0,-0,-0,-0,-0,-0,-0,-0,-0,-0
:IRUSD_MUNI, Gamma,-0,-0,-0,-0,-0,-0,-0,-0,-0,-0,-0,-0,-0,-0
:IRUSD_MUNI, Gamma,-0,-0,-0,-0,-0,-0,-0,-0,-0,-0,-0,-0,-0,-0
:IRUSD_MUNI, Gamma,-0,-0,-0,-0,-0,-0,-0,-0,-0,-0,-0,-0,-0,-0
:IRUSD_MUNI, Gamma,-0,-0,-0,-0,-0,-0,-0,-0,-0,-0,-0,-0,-0,-0
:IRUSD_MUNI, Gamma,-0,-0,-0,-0,-0,-0,-0,-0,-0,-0,-0,-0,-0,-0
:IRUSD_MUNI, Gamma,-0,-0,-0,-0,-0,-0,-0,-0,-0,-0,-0,-0,-0,-0
:IRUSD_MUNI, Gamma,-0,-0,-0,-0,-0,-0,-0,-0,-0,-0,-0,-0,-0,-0
:IRUSD_MUNI, Gamma,-0,-0,-0,-0,-0,-0,-0,-0,-0,-0,-0,-0,-0,-0
:IRUSD_MUNI, Gamma,-0,-0,-0,-0,-0,-0,-0,-0,-0,-0,-0,-0,-0,-0
:IRUSD_MUNI, Gamma,-0,-0,-0,-0,-0,-0,-0,-0,-0,-0,-0,-0,-0,-0
:IRUSD_MUNI, Gamma,-0,-0,-0,-0,-0,-0,-0,-0,-0,-0,-0,-0,-0,-0
:IRUSD_MUNI, Gamma,-0,-0,-0,-0,-0,-0,-0,-0,-0,-0,-0,-0,-0,-0
:IRUSD_MUNI, Gamma,-0,-0,-0,-0,-0,-0,-0,-0,-0,-0,-0,-0,-0,-0
:FXUSD, Delta,-1.8285e+007
:FXUSD, Gamma,-5.955e+011
:IRUSD_Supranational, Delta,0,0,0,0,0,0,0,0,0
:IRUSD_Supranational, Gamma,-0,-0,-0,-0,-0,-0,-0,-0,-0
:IRUSD_Supranational, Gamma,-0,-0,-0,-0,-0,-0,-0,-0,-0
:IRUSD_Supranational, Gamma,-0,-0,-0,-0,-0,-0,-0,-0,-0
:IRUSD_Supranational, Gamma,-0,-0,-0,-0,-0,-0,-0,-0,-0
:IRUSD_Supranational, Gamma,-0,-0,-0,-0,-0,-0,-0,-0,-0
:IRUSD_Supranational, Gamma,-0,-0,-0,-0,-0,-0,-0,-0,-0
:IRUSD_Supranational, Gamma,-0,-0,-0,-0,-0,-0,-0,-0,-0
:IRUSD_Supranational, Gamma,-0,-0,-0,-0,-0,-0,-0,-0,-0
:IRUSD_Supranational, Gamma,-0,-0,-0,-0,-0,-0,-0,-0,-0
:IRUSD_Swaption, Delta,0
:IRUSD_Swaption, Gamma,-0
:FXUYU, Delta,1.56e+008
:FXUYU, Gamma,-2.9736e+012
:GBP_USD-Simulation, Delta,1.7387e+008
:GBP_USD-Simulation, Gamma,-4.1159e+012
:CAD_USD-Simulation, Delta,2.41175e+008
:CAD_USD-Simulation, Gamma,-1.1435e+012
:CHF_USD-Simulation, Delta,3.958e+007
:CHF_USD-Simulation, Gamma,-1.0702e+012
:JPY_USD-Simulation, Delta,2.695e+006
:JPY_USD-Simulation, Gamma,-1.354e+012
:MXN_USD-Simulation, Delta,3.1535e+008
:MXN_USD-Simulation, Gamma,-4.0877e+012
:EUR_USD-Simulation, Delta,2.634e+008
:EUR_USD-Simulation, Gamma,-3.3243e+012
:EUR_GBP-Simulation, Delta,-8.426e+007
:EUR_GBP-Simulation, Gamma,6.641e+011
:EUR_JPY-Simulation, Delta,-3.63e+006
:EUR_JPY-Simulation, Gamma,-1.6455e+012
:IRVEF_Interbank, Delta,0
:IRVEF_Interbank, Gamma,-0
:FXVEF, Delta,1.7924e+008
:FXVEF, Gamma,-5.7977e+012
:FXVND, Delta,7.195e+007
:FXVND, Gamma,-2.2321e+012
:FXXAF, Delta,7.6625e+007
:FXXAF, Gamma,7.588e+011
:FXXCD, Delta,-3.2545e+007
:FXXCD, Gamma,-8.624e+011
:FXXOF, Delta,1.768e+008
:FXXOF, Gamma,-1.2388e+012
:FXXPF, Delta,1.84575e+008
:FXXPF, Gamma,-2.7201e+012
:FXYER, Delta,1.8039e+008
:FXYER, Gamma,-3.3345e+012
:FXZAR, Delta,1.632e+007
:FXZAR, Gamma,-3.0861e+012
:FXZMK, Delta,1.813e+007
:FXZMK, Gamma,-7.186e+011
:FXZMW, Delta,9.388e+007
:FXZMW, Gamma,-4.306e+011
