:IRUSD_INAAASP, Delta,1.3686e+008,-3.662e+007,5.193e+007,-5.685e+006,-5.09e+006,-1.85645e+008,1.2361e+008
:IRUSD_INAAASP, Gamma,-3.993e+012,-0,-0,-0,-0,-0,-0
:IRUSD_INAAASP, Gamma,-0,1.3589e+012,-0,-0,-0,-0,-0
:IRUSD_INAAASP, Gamma,-0,-0,-2.0841e+012,-0,-0,-0,-0
:IRUSD_INAAASP, Gamma,-0,-0,-0,1.2141e+012,-0,-0,-0
:IRUSD_INAAASP, Gamma,-0,-0,-0,-0,-6.7258e+012,-0,-0
:IRUSD_INAAASP, Gamma,-0,-0,-0,-0,-0,-2.2738e+012,-0
:IRUSD_INAAASP, Gamma,-0,-0,-0,-0,-0,-0,8.531e+011
:IRUSD_INAASP, Delta,2.52395e+008,1.5022e+008,9.2845e+007,1.23055e+008,8.891e+007,2.3083e+008,-2.13775e+008
:IRUSD_INAASP, Gamma,1.4281e+012,-0,-0,-0,-0,-0,-0
:IRUSD_INAASP, Gamma,-0,-6.664e+011,-0,-0,-0,-0,-0
:IRUSD_INAASP, Gamma,-0,-0,-3.8113e+012,-0,-0,-0,-0
:IRUSD_INAASP, Gamma,-0,-0,-0,-5.6875e+012,-0,-0,-0
:IRUSD_INAASP, Gamma,-0,-0,-0,-0,1.1137e+012,-0,-0
:IRUSD_INAASP, Gamma,-0,-0,-0,-0,-0,-3.4477e+012,-0
:IRUSD_INAASP, Gamma,-0,-0,-0,-0,-0,-0,1.6639e+012
:IRUSD_INASP, Delta,-2.4723e+008,1.45275e+008,1.0353e+008,-3.1155e+007,4.835e+007,-2.12565e+008,-5.126e+007
:IRUSD_INASP, Gamma,-1.0332e+012,-0,-0,-0,-0,-0,-0
:IRUSD_INASP, Gamma,-0,-2.2311e+012,-0,-0,-0,-0,-0
:IRUSD_INASP, Gamma,-0,-0,-2.5479e+012,-0,-0,-0,-0
:IRUSD_INASP, Gamma,-0,-0,-0,-8.763e+011,-0,-0,-0
:IRUSD_INASP, Gamma,-0,-0,-0,-0,4.57e+010,-0,-0
:IRUSD_INASP, Gamma,-0,-0,-0,-0,-0,1.2513e+012,-0
:IRUSD_INASP, Gamma,-0,-0,-0,-0,-0,-0,-1.018e+012
:IRUSD_INBBBSP, Delta,1.3962e+008,1.90235e+008,-3.6145e+007,2.28825e+008,1.12935e+008,-1.93795e+008,6.12e+007
:IRUSD_INBBBSP, Gamma,-2.3088e+012,-0,-0,-0,-0,-0,-0
:IRUSD_INBBBSP, Gamma,-0,-5.4506e+012,-0,-0,-0,-0,-0
:IRUSD_INBBBSP, Gamma,-0,-0,1.0912e+012,-0,-0,-0,-0
:IRUSD_INBBBSP, Gamma,-0,-0,-0,-6.378e+011,-0,-0,-0
:IRUSD_INBBBSP, Gamma,-0,-0,-0,-0,-3.1542e+012,-0,-0
:IRUSD_INBBBSP, Gamma,-0,-0,-0,-0,-0,-2.3003e+012,-0
:IRUSD_INBBBSP, Gamma,-0,-0,-0,-0,-0,-0,-6.864e+011
:IRUSD_INBBSP, Delta,-3.1905e+007,-7.6065e+007,-5.2645e+007,9.492e+007,-2.21125e+008,1.72295e+008
:IRUSD_INBBSP, Gamma,-1.1991e+012,-0,-0,-0,-0,-0
:IRUSD_INBBSP, Gamma,-0,-1.5519e+012,-0,-0,-0,-0
:IRUSD_INBBSP, Gamma,-0,-0,2.6071e+012,-0,-0,-0
:IRUSD_INBBSP, Gamma,-0,-0,-0,-3.1674e+012,-0,-0
:IRUSD_INBBSP, Gamma,-0,-0,-0,-0,1.1083e+012,-0
:IRUSD_INBBSP, Gamma,-0,-0,-0,-0,-0,-4.9145e+012
:IRUSD_INBSP, Delta,3.15815e+008,-9.748e+007,1.6812e+008,-1.1316e+008,-2.729e+007,-8.22e+007,5.161e+007
:IRUSD_INBSP, Gamma,-3.5402e+012,-0,-0,-0,-0,-0,-0
:IRUSD_INBSP, Gamma,-0,-4.3541e+012,-0,-0,-0,-0,-0
:IRUSD_INBSP, Gamma,-0,-0,-4.365e+012,-0,-0,-0,-0
:IRUSD_INBSP, Gamma,-0,-0,-0,1.1931e+012,-0,-0,-0
:IRUSD_INBSP, Gamma,-0,-0,-0,-0,-7.087e+011,-0,-0
:IRUSD_INBSP, Gamma,-0,-0,-0,-0,-0,-9.765e+011,-0
:IRUSD_INBSP, Gamma,-0,-0,-0,-0,-0,-0,-1.6369e+012
:IRUSD_INCCCSP, Delta,2.1387e+008,3.1375e+007,1.01395e+008,3.35715e+008,5.729e+007,1.3364e+008
:IRUSD_INCCCSP, Gamma,5.511e+011,-0,-0,-0,-0,-0
:IRUSD_INCCCSP, Gamma,-0,-3.8764e+012,-0,-0,-0,-0
:IRUSD_INCCCSP, Gamma,-0,-0,-7.675e+011,-0,-0,-0
:IRUSD_INCCCSP, Gamma,-0,-0,-0,-2.5056e+012,-0,-0
:IRUSD_INCCCSP, Gamma,-0,-0,-0,-0,-2.5001e+012,-0
:IRUSD_INCCCSP, Gamma,-0,-0,-0,-0,-0,-3.0074e+012
:FXAUD_Forward, Delta,2.28765e+008,-3.4445e+007,3.812e+007,-1.98035e+008,1.9888e+008
:FXAUD_Forward, Gamma,-0,-0,-0,0,-0
:FXAUD_Forward, Gamma,-0,0,0,0,0
:FXAUD_Forward, Gamma,-0,-0,-0,0,0
:FXAUD_Forward, Gamma,-0,-0,-0,-0,-0
:FXAUD_Forward, Gamma,-0,-0,-0,-0,-0
:FXCAD_Forward, Delta,9.164e+007,-1.38885e+008,1.10945e+008,1.98e+008,1.15205e+008
:FXCAD_Forward, Gamma,0,-0,-0,0,0
:FXCAD_Forward, Gamma,-0,-0,-0,0,0
:FXCAD_Forward, Gamma,-0,-0,-0,-0,-0
:FXCAD_Forward, Gamma,-0,-0,-0,0,-0
:FXCAD_Forward, Gamma,-0,-0,-0,-0,-0
:FXCHF_Forward, Delta,1.32425e+008
:FXCHF_Forward, Gamma,-0
:FXCZK_Forward, Delta,5.755e+007,2.0809e+008,-3.0584e+008
:FXCZK_Forward, Gamma,0,0,-0
:FXCZK_Forward, Gamma,-0,-0,-0
:FXCZK_Forward, Gamma,-0,-0,-0
:FXDKK_Forward, Delta,-2.04205e+008,1.6592e+008
:FXDKK_Forward, Gamma,-0,0
:FXDKK_Forward, Gamma,-0,-0
:FXEUR_Forward, Delta,7.3155e+007,6.3065e+007,1.965e+006
:FXEUR_Forward, Gamma,-0,-0,-0
:FXEUR_Forward, Gamma,-0,0,0
:FXEUR_Forward, Gamma,-0,-0,-0
:FXGBP_Forward, Delta,-2.2868e+008,7.635e+006,1.1882e+008,2.604e+008,-7.876e+007
:FXGBP_Forward, Gamma,0,0,-0,0,0
:FXGBP_Forward, Gamma,-0,0,0,0,0
:FXGBP_Forward, Gamma,-0,-0,-0,0,0
:FXGBP_Forward, Gamma,-0,-0,-0,-0,-0
:FXGBP_Forward, Gamma,-0,-0,-0,-0,0
:FXHKD_Forward, Delta,1.12485e+008,1.03655e+008,-9.9525e+007,-2.477e+007,-2.8735e+007
:FXHKD_Forward, Gamma,-0,-0,-0,-0,0
:FXHKD_Forward, Gamma,-0,-0,-0,0,-0
:FXHKD_Forward, Gamma,-0,-0,-0,-0,-0
:FXHKD_Forward, Gamma,-0,-0,-0,-0,-0
:FXHKD_Forward, Gamma,-0,-0,-0,-0,-0
:FXJPY_Forward, Delta,-1.4179e+008,-5.146e+007,5.0245e+007,-1.3088e+008
:FXJPY_Forward, Gamma,-0,-0,0,-0
:FXJPY_Forward, Gamma,-0,0,0,0
:FXJPY_Forward, Gamma,-0,-0,-0,-0
:FXJPY_Forward, Gamma,-0,-0,-0,0
:FXKWD_Forward, Delta,2.4581e+008,2.64645e+008,1.05175e+008,2.0496e+008,-1.06495e+008
:FXKWD_Forward, Gamma,-0,-0,-0,0,0
:FXKWD_Forward, Gamma,-0,-0,-0,0,0
:FXKWD_Forward, Gamma,-0,-0,-0,0,0
:FXKWD_Forward, Gamma,-0,-0,-0,-0,0
:FXKWD_Forward, Gamma,-0,-0,-0,-0,0
:FXMYR_Forward, Delta,-5.27e+007,-2.679e+007,-4.5375e+007,1.7035e+008,4.9585e+007
:FXMYR_Forward, Gamma,-0,0,-0,0,-0
:FXMYR_Forward, Gamma,-0,0,-0,0,-0
:FXMYR_Forward, Gamma,-0,-0,-0,0,-0
:FXMYR_Forward, Gamma,-0,-0,-0,-0,-0
:FXMYR_Forward, Gamma,-0,-0,-0,-0,-0
:FXNOK_Forward, Delta,1.3889e+008,1.68985e+008,1.54435e+008,1.464e+008,1.5797e+008
:FXNOK_Forward, Gamma,-0,-0,-0,0,0
:FXNOK_Forward, Gamma,-0,-0,0,-0,0
:FXNOK_Forward, Gamma,-0,-0,-0,0,0
:FXNOK_Forward, Gamma,-0,-0,-0,-0,-0
:FXNOK_Forward, Gamma,-0,-0,-0,-0,-0
:FXNZD_Forward, Delta,1.09365e+008,-2.738e+007,2.7221e+008,9.8245e+007,2.852e+007
:FXNZD_Forward, Gamma,-0,0,-0,0,0
:FXNZD_Forward, Gamma,-0,-0,-0,0,0
:FXNZD_Forward, Gamma,-0,-0,-0,-0,-0
:FXNZD_Forward, Gamma,-0,-0,-0,-0,-0
:FXNZD_Forward, Gamma,-0,-0,-0,-0,-0
:FXSAR_Forward, Delta,5.3055e+007,1.79105e+008,-2.2315e+007,-7.487e+007,-3.474e+007
:FXSAR_Forward, Gamma,0,0,0,0,0
:FXSAR_Forward, Gamma,-0,-0,-0,0,-0
:FXSAR_Forward, Gamma,-0,-0,-0,0,-0
:FXSAR_Forward, Gamma,-0,-0,-0,-0,-0
:FXSAR_Forward, Gamma,-0,-0,-0,-0,-0
:FXSEK_Forward, Delta,4.2395e+007,1.87495e+008,8.701e+007,-7.042e+007,2.7119e+008
:FXSEK_Forward, Gamma,-0,-0,-0,-0,-0
:FXSEK_Forward, Gamma,-0,0,0,-0,-0
:FXSEK_Forward, Gamma,-0,-0,-0,-0,-0
:FXSEK_Forward, Gamma,-0,-0,-0,0,-0
:FXSEK_Forward, Gamma,-0,-0,-0,-0,-0
:FXSGD_Forward, Delta,-1.2379e+008,5.0455e+007,-1.2004e+008,2.6197e+008,-6.445e+007
:FXSGD_Forward, Gamma,0,-0,0,0,0
:FXSGD_Forward, Gamma,-0,-0,-0,0,0
:FXSGD_Forward, Gamma,-0,-0,0,-0,-0
:FXSGD_Forward, Gamma,-0,-0,-0,-0,0
:FXSGD_Forward, Gamma,-0,-0,-0,-0,-0
:FXZAR_Forward, Delta,-2.8225e+007,-2.324e+007,1.89925e+008,1.772e+007,2.04295e+008
:FXZAR_Forward, Gamma,-0,0,0,-0,-0
:FXZAR_Forward, Gamma,-0,-0,0,0,0
:FXZAR_Forward, Gamma,-0,-0,-0,0,-0
:FXZAR_Forward, Gamma,-0,-0,-0,-0,0
:FXZAR_Forward, Gamma,-0,-0,-0,-0,0
:IRAUD_Interbank, Delta,1.14725e+008,-2.9695e+007,8.015e+006,5.2165e+007,1.1017e+008,9.3855e+007,-1.4756e+008,3.4185e+008,3.237e+007,-7.6525e+007,-3.3745e+007
:IRAUD_Interbank, Gamma,-1.8701e+012,-0,-0,-0,-0,-0,-0,-0,-0,-0,-0
:IRAUD_Interbank, Gamma,-0,-4.0217e+012,-0,-0,-0,-0,-0,-0,-0,-0,-0
:IRAUD_Interbank, Gamma,-0,-0,-1.6523e+012,-0,-0,-0,-0,-0,-0,-0,-0
:IRAUD_Interbank, Gamma,-0,-0,-0,-5.7046e+012,-0,-0,-0,-0,-0,-0,-0
:IRAUD_Interbank, Gamma,-0,-0,-0,-0,-2.5924e+012,-0,-0,-0,-0,-0,-0
:IRAUD_Interbank, Gamma,-0,-0,-0,-0,-0,-8.751e+011,-0,-0,-0,-0,-0
:IRAUD_Interbank, Gamma,-0,-0,-0,-0,-0,-0,-2.56e+012,-0,-0,-0,-0
:IRAUD_Interbank, Gamma,-0,-0,-0,-0,-0,-0,-0,-9.33e+011,-0,-0,-0
:IRAUD_Interbank, Gamma,-0,-0,-0,-0,-0,-0,-0,-0,-1.4253e+012,-0,-0
:IRAUD_Interbank, Gamma,-0,-0,-0,-0,-0,-0,-0,-0,-0,-2.1869e+012,-0
:IRAUD_Interbank, Gamma,-0,-0,-0,-0,-0,-0,-0,-0,-0,-0,-1.0358e+012
:IRCAD_Interbank, Delta,-3.1815e+007,9.0985e+007,1.11415e+008,-2.08485e+008,2.7427e+008,-3.41645e+008,-9.48e+006,-7.1645e+007,2.0643e+008,-9.755e+006,1.30755e+008
:IRCAD_Interbank, Gamma,-5.0061e+012,-0,-0,-0,-0,-0,-0,-0,-0,-0,-0
:IRCAD_Interbank, Gamma,-0,-1.8493e+012,-0,-0,-0,-0,-0,-0,-0,-0,-0
:IRCAD_Interbank, Gamma,-0,-0,-3.229e+012,-0,-0,-0,-0,-0,-0,-0,-0
:IRCAD_Interbank, Gamma,-0,-0,-0,-3.114e+011,-0,-0,-0,-0,-0,-0,-0
:IRCAD_Interbank, Gamma,-0,-0,-0,-0,-1.4122e+012,-0,-0,-0,-0,-0,-0
:IRCAD_Interbank, Gamma,-0,-0,-0,-0,-0,-3.271e+012,-0,-0,-0,-0,-0
:IRCAD_Interbank, Gamma,-0,-0,-0,-0,-0,-0,-4.1421e+012,-0,-0,-0,-0
:IRCAD_Interbank, Gamma,-0,-0,-0,-0,-0,-0,-0,1.0472e+012,-0,-0,-0
:IRCAD_Interbank, Gamma,-0,-0,-0,-0,-0,-0,-0,-0,-3.4881e+012,-0,-0
:IRCAD_Interbank, Gamma,-0,-0,-0,-0,-0,-0,-0,-0,-0,-1.7206e+012,-0
:IRCAD_Interbank, Gamma,-0,-0,-0,-0,-0,-0,-0,-0,-0,-0,1.1505e+012
:IRCHF_Interbank, Delta,1.57515e+008,8.6365e+007,7.317e+007,2.053e+007,-1.4804e+008,7.8285e+007,-1.22615e+008,-1.05725e+008,-4.1205e+007,1.22625e+008,5.168e+007
:IRCHF_Interbank, Gamma,-1.7757e+012,-0,-0,-0,-0,-0,-0,-0,-0,-0,-0
:IRCHF_Interbank, Gamma,-0,-3.7951e+012,-0,-0,-0,-0,-0,-0,-0,-0,-0
:IRCHF_Interbank, Gamma,-0,-0,-3.108e+011,-0,-0,-0,-0,-0,-0,-0,-0
:IRCHF_Interbank, Gamma,-0,-0,-0,-3.0394e+012,-0,-0,-0,-0,-0,-0,-0
:IRCHF_Interbank, Gamma,-0,-0,-0,-0,-2.5219e+012,-0,-0,-0,-0,-0,-0
:IRCHF_Interbank, Gamma,-0,-0,-0,-0,-0,-1.0632e+012,-0,-0,-0,-0,-0
:IRCHF_Interbank, Gamma,-0,-0,-0,-0,-0,-0,-3.1594e+012,-0,-0,-0,-0
:IRCHF_Interbank, Gamma,-0,-0,-0,-0,-0,-0,-0,-4.231e+011,-0,-0,-0
:IRCHF_Interbank, Gamma,-0,-0,-0,-0,-0,-0,-0,-0,-5.3403e+012,-0,-0
:IRCHF_Interbank, Gamma,-0,-0,-0,-0,-0,-0,-0,-0,-0,-4.1982e+012,-0
:IRCHF_Interbank, Gamma,-0,-0,-0,-0,-0,-0,-0,-0,-0,-0,-1.9421e+012
:IRCZK_Interbank, Delta,1.54005e+008,1.4505e+007,-1.2228e+008,3.58575e+008,-9.31e+006,1.36705e+008,-5.3487e+008,2.83e+007,-7.7985e+007,-1.86225e+008,1.84485e+008
:IRCZK_Interbank, Gamma,-2.3652e+012,-0,-0,-0,-0,-0,-0,-0,-0,-0,-0
:IRCZK_Interbank, Gamma,-0,-1.701e+011,-0,-0,-0,-0,-0,-0,-0,-0,-0
:IRCZK_Interbank, Gamma,-0,-0,7.869e+011,-0,-0,-0,-0,-0,-0,-0,-0
:IRCZK_Interbank, Gamma,-0,-0,-0,-4.9965e+012,-0,-0,-0,-0,-0,-0,-0
:IRCZK_Interbank, Gamma,-0,-0,-0,-0,-3.326e+012,-0,-0,-0,-0,-0,-0
:IRCZK_Interbank, Gamma,-0,-0,-0,-0,-0,-2.8225e+012,-0,-0,-0,-0,-0
:IRCZK_Interbank, Gamma,-0,-0,-0,-0,-0,-0,3.96e+010,-0,-0,-0,-0
:IRCZK_Interbank, Gamma,-0,-0,-0,-0,-0,-0,-0,1.1231e+012,-0,-0,-0
:IRCZK_Interbank, Gamma,-0,-0,-0,-0,-0,-0,-0,-0,-1.5126e+012,-0,-0
:IRCZK_Interbank, Gamma,-0,-0,-0,-0,-0,-0,-0,-0,-0,2.8641e+012,-0
:IRCZK_Interbank, Gamma,-0,-0,-0,-0,-0,-0,-0,-0,-0,-0,1.3974e+012
:IREUR_Interbank, Delta,-4.8855e+007,-3.812e+007,1.007e+008,-8.234e+007,6.1685e+007,3.09885e+008,6.228e+007,1.06315e+008,1.75195e+008,1.4184e+008,-2.4461e+008,2.3942e+008
:IREUR_Interbank, Gamma,-3.5019e+012,-0,-0,-0,-0,-0,-0,-0,-0,-0,-0,-0
:IREUR_Interbank, Gamma,-0,-3.6343e+012,-0,-0,-0,-0,-0,-0,-0,-0,-0,-0
:IREUR_Interbank, Gamma,-0,-0,-5.6411e+012,-0,-0,-0,-0,-0,-0,-0,-0,-0
:IREUR_Interbank, Gamma,-0,-0,-0,-2.8903e+012,-0,-0,-0,-0,-0,-0,-0,-0
:IREUR_Interbank, Gamma,-0,-0,-0,-0,-1.8122e+012,-0,-0,-0,-0,-0,-0,-0
:IREUR_Interbank, Gamma,-0,-0,-0,-0,-0,-3.4188e+012,-0,-0,-0,-0,-0,-0
:IREUR_Interbank, Gamma,-0,-0,-0,-0,-0,-0,-1.455e+012,-0,-0,-0,-0,-0
:IREUR_Interbank, Gamma,-0,-0,-0,-0,-0,-0,-0,2.234e+011,-0,-0,-0,-0
:IREUR_Interbank, Gamma,-0,-0,-0,-0,-0,-0,-0,-0,-1.7959e+012,-0,-0,-0
:IREUR_Interbank, Gamma,-0,-0,-0,-0,-0,-0,-0,-0,-0,-4.647e+012,-0,-0
:IREUR_Interbank, Gamma,-0,-0,-0,-0,-0,-0,-0,-0,-0,-0,1.9028e+012,-0
:IREUR_Interbank, Gamma,-0,-0,-0,-0,-0,-0,-0,-0,-0,-0,-0,-7.484e+011
:IRGBP_Interbank, Delta,1.9278e+008,1.4344e+008,-1.76035e+008,2.19275e+008,-1.6554e+008,6.9385e+007,2.02035e+008,5.7305e+007,3.5935e+007,-7.8025e+007,1.74055e+008
:IRGBP_Interbank, Gamma,-5.4342e+012,-0,-0,-0,-0,-0,-0,-0,-0,-0,-0
:IRGBP_Interbank, Gamma,-0,-8.98e+011,-0,-0,-0,-0,-0,-0,-0,-0,-0
:IRGBP_Interbank, Gamma,-0,-0,-4.2401e+012,-0,-0,-0,-0,-0,-0,-0,-0
:IRGBP_Interbank, Gamma,-0,-0,-0,-6.0257e+012,-0,-0,-0,-0,-0,-0,-0
:IRGBP_Interbank, Gamma,-0,-0,-0,-0,3.1617e+012,-0,-0,-0,-0,-0,-0
:IRGBP_Interbank, Gamma,-0,-0,-0,-0,-0,1.4171e+012,-0,-0,-0,-0,-0
:IRGBP_Interbank, Gamma,-0,-0,-0,-0,-0,-0,-3.6393e+012,-0,-0,-0,-0
:IRGBP_Interbank, Gamma,-0,-0,-0,-0,-0,-0,-0,-5.297e+012,-0,-0,-0
:IRGBP_Interbank, Gamma,-0,-0,-0,-0,-0,-0,-0,-0,-1.0363e+012,-0,-0
:IRGBP_Interbank, Gamma,-0,-0,-0,-0,-0,-0,-0,-0,-0,-1.0031e+012,-0
:IRGBP_Interbank, Gamma,-0,-0,-0,-0,-0,-0,-0,-0,-0,-0,-1.7776e+012
:IRJPY_Interbank, Delta,3.0595e+007,1.22245e+008,2.55745e+008,2.00685e+008,1.67345e+008,-7.955e+006,-1.19015e+008,2.1115e+008,-1.25235e+008,3.493e+007,2.35875e+008
:IRJPY_Interbank, Gamma,-8.098e+011,-0,-0,-0,-0,-0,-0,-0,-0,-0,-0
:IRJPY_Interbank, Gamma,-0,-1.4677e+012,-0,-0,-0,-0,-0,-0,-0,-0,-0
:IRJPY_Interbank, Gamma,-0,-0,-1.4287e+012,-0,-0,-0,-0,-0,-0,-0,-0
:IRJPY_Interbank, Gamma,-0,-0,-0,-5.2131e+012,-0,-0,-0,-0,-0,-0,-0
:IRJPY_Interbank, Gamma,-0,-0,-0,-0,-2.9273e+012,-0,-0,-0,-0,-0,-0
:IRJPY_Interbank, Gamma,-0,-0,-0,-0,-0,4.736e+011,-0,-0,-0,-0,-0
:IRJPY_Interbank, Gamma,-0,-0,-0,-0,-0,-0,1.04e+012,-0,-0,-0,-0
:IRJPY_Interbank, Gamma,-0,-0,-0,-0,-0,-0,-0,-2.1844e+012,-0,-0,-0
:IRJPY_Interbank, Gamma,-0,-0,-0,-0,-0,-0,-0,-0,-2.1366e+012,-0,-0
:IRJPY_Interbank, Gamma,-0,-0,-0,-0,-0,-0,-0,-0,-0,-1.8784e+012,-0
:IRJPY_Interbank, Gamma,-0,-0,-0,-0,-0,-0,-0,-0,-0,-0,-3.9489e+012
:IRMXN_Interbank, Delta,2.35745e+008,1.8549e+008,-1.0664e+008,3.4436e+008,1.4207e+008,1.482e+008,1.611e+008,-7.245e+007,3.042e+008
:IRMXN_Interbank, Gamma,-1.5755e+012,-0,-0,-0,-0,-0,-0,-0,-0
:IRMXN_Interbank, Gamma,-0,-2.3739e+012,-0,-0,-0,-0,-0,-0,-0
:IRMXN_Interbank, Gamma,-0,-0,-6.181e+011,-0,-0,-0,-0,-0,-0
:IRMXN_Interbank, Gamma,-0,-0,-0,-1.1408e+012,-0,-0,-0,-0,-0
:IRMXN_Interbank, Gamma,-0,-0,-0,-0,-2.2085e+012,-0,-0,-0,-0
:IRMXN_Interbank, Gamma,-0,-0,-0,-0,-0,-3.9462e+012,-0,-0,-0
:IRMXN_Interbank, Gamma,-0,-0,-0,-0,-0,-0,-5.0598e+012,-0,-0
:IRMXN_Interbank, Gamma,-0,-0,-0,-0,-0,-0,-0,1.4271e+012,-0
:IRMXN_Interbank, Gamma,-0,-0,-0,-0,-0,-0,-0,-0,-3.6774e+012
:IRUSD_Interbank, Delta,-8.6305e+007,1.165e+008,1.86845e+008,1.5019e+008,9.9295e+007,-1.70055e+008,-1.449e+008,6.849e+007,4.583e+008,-7.3495e+007,2.2915e+007,7.7395e+007,6.711e+007,8.82e+007
:IRUSD_Interbank, Gamma,-5.516e+011,-0,-0,-0,-0,-0,-0,-0,-0,-0,-0,-0,-0,-0
:IRUSD_Interbank, Gamma,-0,-2.6206e+012,-0,-0,-0,-0,-0,-0,-0,-0,-0,-0,-0,-0
:IRUSD_Interbank, Gamma,-0,-0,-7.208e+011,-0,-0,-0,-0,-0,-0,-0,-0,-0,-0,-0
:IRUSD_Interbank, Gamma,-0,-0,-0,-1.3081e+012,-0,-0,-0,-0,-0,-0,-0,-0,-0,-0
:IRUSD_Interbank, Gamma,-0,-0,-0,-0,-1.9486e+012,-0,-0,-0,-0,-0,-0,-0,-0,-0
:IRUSD_Interbank, Gamma,-0,-0,-0,-0,-0,1.587e+012,-0,-0,-0,-0,-0,-0,-0,-0
:IRUSD_Interbank, Gamma,-0,-0,-0,-0,-0,-0,-5.4e+011,-0,-0,-0,-0,-0,-0,-0
:IRUSD_Interbank, Gamma,-0,-0,-0,-0,-0,-0,-0,-2.0109e+012,-0,-0,-0,-0,-0,-0
:IRUSD_Interbank, Gamma,-0,-0,-0,-0,-0,-0,-0,-0,-5.9213e+012,-0,-0,-0,-0,-0
:IRUSD_Interbank, Gamma,-0,-0,-0,-0,-0,-0,-0,-0,-0,-2.0126e+012,-0,-0,-0,-0
:IRUSD_Interbank, Gamma,-0,-0,-0,-0,-0,-0,-0,-0,-0,-0,-4.1896e+012,-0,-0,-0
:IRUSD_Interbank, Gamma,-0,-0,-0,-0,-0,-0,-0,-0,-0,-0,-0,-1.6579e+012,-0,-0
:IRUSD_Interbank, Gamma,-0,-0,-0,-0,-0,-0,-0,-0,-0,-0,-0,-0,-3.0033e+012,-0
:IRUSD_Interbank, Gamma,-0,-0,-0,-0,-0,-0,-0,-0,-0,-0,-0,-0,-0,-4.2489e+012
:IRUSD_Prime, Delta,7.604e+007,-1.27095e+008,5.848e+007,1.0685e+008,-8.0715e+007,-4.6575e+007,1.49485e+008,-2.565e+007,-9.1165e+007,4.8313e+008,1.15765e+008,2.065e+007
:IRUSD_Prime, Gamma,-4.4396e+012,-0,-0,-0,-0,-0,-0,-0,-0,-0,-0,-0
:IRUSD_Prime, Gamma,-0,1.53e+010,-0,-0,-0,-0,-0,-0,-0,-0,-0,-0
:IRUSD_Prime, Gamma,-0,-0,-2.494e+012,-0,-0,-0,-0,-0,-0,-0,-0,-0
:IRUSD_Prime, Gamma,-0,-0,-0,-2.0705e+012,-0,-0,-0,-0,-0,-0,-0,-0
:IRUSD_Prime, Gamma,-0,-0,-0,-0,-3.3837e+012,-0,-0,-0,-0,-0,-0,-0
:IRUSD_Prime, Gamma,-0,-0,-0,-0,-0,6.03e+011,-0,-0,-0,-0,-0,-0
:IRUSD_Prime, Gamma,-0,-0,-0,-0,-0,-0,-3.229e+012,-0,-0,-0,-0,-0
:IRUSD_Prime, Gamma,-0,-0,-0,-0,-0,-0,-0,-5.1e+010,-0,-0,-0,-0
:IRUSD_Prime, Gamma,-0,-0,-0,-0,-0,-0,-0,-0,-8.798e+011,-0,-0,-0
:IRUSD_Prime, Gamma,-0,-0,-0,-0,-0,-0,-0,-0,-0,-1.891e+012,-0,-0
:IRUSD_Prime, Gamma,-0,-0,-0,-0,-0,-0,-0,-0,-0,-0,-4.7815e+012,-0
:IRUSD_Prime, Gamma,-0,-0,-0,-0,-0,-0,-0,-0,-0,-0,-0,-1.4716e+012
:IREUR_Mmarket, Delta,6.364e+007,3.097e+007,9.3995e+007,1.78375e+008,-4.982e+007,6.23e+006,2.9381e+008,-1.1388e+008,2.80575e+008,2.33835e+008,-1.62465e+008,3.3195e+008,-5.9595e+007
:IREUR_Mmarket, Gamma,-3.8644e+012,-0,-0,-0,-0,-0,-0,-0,-0,-0,-0,-0,-0
:IREUR_Mmarket, Gamma,-0,-7.366e+011,-0,-0,-0,-0,-0,-0,-0,-0,-0,-0,-0
:IREUR_Mmarket, Gamma,-0,-0,-2.0351e+012,-0,-0,-0,-0,-0,-0,-0,-0,-0,-0
:IREUR_Mmarket, Gamma,-0,-0,-0,-2.7607e+012,-0,-0,-0,-0,-0,-0,-0,-0,-0
:IREUR_Mmarket, Gamma,-0,-0,-0,-0,-2.3398e+012,-0,-0,-0,-0,-0,-0,-0,-0
:IREUR_Mmarket, Gamma,-0,-0,-0,-0,-0,-2.3369e+012,-0,-0,-0,-0,-0,-0,-0
:IREUR_Mmarket, Gamma,-0,-0,-0,-0,-0,-0,-4.0265e+012,-0,-0,-0,-0,-0,-0
:IREUR_Mmarket, Gamma,-0,-0,-0,-0,-0,-0,-0,-5.127e+011,-0,-0,-0,-0,-0
:IREUR_Mmarket, Gamma,-0,-0,-0,-0,-0,-0,-0,-0,-1.3884e+012,-0,-0,-0,-0
:IREUR_Mmarket, Gamma,-0,-0,-0,-0,-0,-0,-0,-0,-0,-3.633e+012,-0,-0,-0
:IREUR_Mmarket, Gamma,-0,-0,-0,-0,-0,-0,-0,-0,-0,-0,-3.1194e+012,-0,-0
:IREUR_Mmarket, Gamma,-0,-0,-0,-0,-0,-0,-0,-0,-0,-0,-0,-1.2597e+012,-0
:IREUR_Mmarket, Gamma,-0,-0,-0,-0,-0,-0,-0,-0,-0,-0,-0,-0,-3.1626e+012
:IRUSD_Mmarket, Delta,-3.165e+008,-2.326e+007,1.4142e+008,2.394e+007,1.22435e+008
:IRUSD_Mmarket, Gamma,1.4697e+012,-0,-0,-0,-0
:IRUSD_Mmarket, Gamma,-0,-3.1022e+012,-0,-0,-0
:IRUSD_Mmarket, Gamma,-0,-0,-2.2968e+012,-0,-0
:IRUSD_Mmarket, Gamma,-0,-0,-0,-1.9356e+012,-0
:IRUSD_Mmarket, Gamma,-0,-0,-0,-0,-2.579e+012
:IRUSD_Treasury, Delta,2.5307e+008,2.0438e+008,3.2955e+007,1.06255e+008,2.4614e+008,9.5305e+007,1.04065e+008,-9.3465e+007,3.6381e+008
:IRUSD_Treasury, Gamma,-9.779e+011,-0,-0,-0,-0,-0,-0,-0,-0
:IRUSD_Treasury, Gamma,-0,-6.656e+011,-0,-0,-0,-0,-0,-0,-0
:IRUSD_Treasury, Gamma,-0,-0,-3.0858e+012,-0,-0,-0,-0,-0,-0
:IRUSD_Treasury, Gamma,-0,-0,-0,-4.2733e+012,-0,-0,-0,-0,-0
:IRUSD_Treasury, Gamma,-0,-0,-0,-0,-2.6705e+012,-0,-0,-0,-0
:IRUSD_Treasury, Gamma,-0,-0,-0,-0,-0,-4.0609e+012,-0,-0,-0
:IRUSD_Treasury, Gamma,-0,-0,-0,-0,-0,-0,2.195e+011,-0,-0
:IRUSD_Treasury, Gamma,-0,-0,-0,-0,-0,-0,-0,-3.2772e+012,-0
:IRUSD_Treasury, Gamma,-0,-0,-0,-0,-0,-0,-0,-0,-3.1185e+012
:IRPLN_Interbank, Delta,2.4055e+008,1.3585e+007,7.6565e+007,-7.396e+007,1.5536e+008,-5.7815e+007,1.06975e+008,-2.34345e+008,1.40555e+008,5.695e+007,1.49345e+008,1.15665e+008
:IRPLN_Interbank, Gamma,-3.7813e+012,-0,-0,-0,-0,-0,-0,-0,-0,-0,-0,-0
:IRPLN_Interbank, Gamma,-0,2.621e+012,-0,-0,-0,-0,-0,-0,-0,-0,-0,-0
:IRPLN_Interbank, Gamma,-0,-0,-4.16e+010,-0,-0,-0,-0,-0,-0,-0,-0,-0
:IRPLN_Interbank, Gamma,-0,-0,-0,-1.8707e+012,-0,-0,-0,-0,-0,-0,-0,-0
:IRPLN_Interbank, Gamma,-0,-0,-0,-0,-2.3483e+012,-0,-0,-0,-0,-0,-0,-0
:IRPLN_Interbank, Gamma,-0,-0,-0,-0,-0,-1.9366e+012,-0,-0,-0,-0,-0,-0
:IRPLN_Interbank, Gamma,-0,-0,-0,-0,-0,-0,-3.7819e+012,-0,-0,-0,-0,-0
:IRPLN_Interbank, Gamma,-0,-0,-0,-0,-0,-0,-0,-2.3247e+012,-0,-0,-0,-0
:IRPLN_Interbank, Gamma,-0,-0,-0,-0,-0,-0,-0,-0,-3.8372e+012,-0,-0,-0
:IRPLN_Interbank, Gamma,-0,-0,-0,-0,-0,-0,-0,-0,-0,-5.2636e+012,-0,-0
:IRPLN_Interbank, Gamma,-0,-0,-0,-0,-0,-0,-0,-0,-0,-0,1.1608e+012,-0
:IRPLN_Interbank, Gamma,-0,-0,-0,-0,-0,-0,-0,-0,-0,-0,-0,1.335e+011
:IRSEK_Interbank, Delta,2.1936e+008,-7.6845e+007,-1.29355e+008,2.6697e+008,1.1124e+008,-5.9965e+007,8.291e+007,2.62275e+008,6.8035e+007,1.5351e+008
:IRSEK_Interbank, Gamma,-3.8319e+012,-0,-0,-0,-0,-0,-0,-0,-0,-0
:IRSEK_Interbank, Gamma,-0,-1.6365e+012,-0,-0,-0,-0,-0,-0,-0,-0
:IRSEK_Interbank, Gamma,-0,-0,-4.439e+011,-0,-0,-0,-0,-0,-0,-0
:IRSEK_Interbank, Gamma,-0,-0,-0,-1.7751e+012,-0,-0,-0,-0,-0,-0
:IRSEK_Interbank, Gamma,-0,-0,-0,-0,-3.3915e+012,-0,-0,-0,-0,-0
:IRSEK_Interbank, Gamma,-0,-0,-0,-0,-0,-1.5992e+012,-0,-0,-0,-0
:IRSEK_Interbank, Gamma,-0,-0,-0,-0,-0,-0,6.76e+010,-0,-0,-0
:IRSEK_Interbank, Gamma,-0,-0,-0,-0,-0,-0,-0,-3.2301e+012,-0,-0
:IRSEK_Interbank, Gamma,-0,-0,-0,-0,-0,-0,-0,-0,4.679e+011,-0
:IRSEK_Interbank, Gamma,-0,-0,-0,-0,-0,-0,-0,-0,-0,-2.6004e+012
:IRDKK_Interbank, Delta,2.75175e+008,1.52055e+008,-2.4445e+007,1.0978e+008,1.0505e+008,3.06995e+008,-1.0802e+008,9.871e+007,1.3594e+008,-7.213e+007
:IRDKK_Interbank, Gamma,-7.311e+011,-0,-0,-0,-0,-0,-0,-0,-0,-0
:IRDKK_Interbank, Gamma,-0,-8.547e+011,-0,-0,-0,-0,-0,-0,-0,-0
:IRDKK_Interbank, Gamma,-0,-0,-1.8923e+012,-0,-0,-0,-0,-0,-0,-0
:IRDKK_Interbank, Gamma,-0,-0,-0,-3.6994e+012,-0,-0,-0,-0,-0,-0
:IRDKK_Interbank, Gamma,-0,-0,-0,-0,-7.421e+011,-0,-0,-0,-0,-0
:IRDKK_Interbank, Gamma,-0,-0,-0,-0,-0,-4.6187e+012,-0,-0,-0,-0
:IRDKK_Interbank, Gamma,-0,-0,-0,-0,-0,-0,-1.0111e+012,-0,-0,-0
:IRDKK_Interbank, Gamma,-0,-0,-0,-0,-0,-0,-0,-1.5361e+012,-0,-0
:IRDKK_Interbank, Gamma,-0,-0,-0,-0,-0,-0,-0,-0,-4.2547e+012,-0
:IRDKK_Interbank, Gamma,-0,-0,-0,-0,-0,-0,-0,-0,-0,-1.3871e+012
:IRZAR_Interbank, Delta,-1.0531e+008,-1.6564e+008,-1.08115e+008,-1.8318e+008,9.405e+006,-4.75e+007,6.2965e+007,-1.35265e+008
:IRZAR_Interbank, Gamma,-4.9127e+012,-0,-0,-0,-0,-0,-0,-0
:IRZAR_Interbank, Gamma,-0,-4.226e+011,-0,-0,-0,-0,-0,-0
:IRZAR_Interbank, Gamma,-0,-0,-2.1605e+012,-0,-0,-0,-0,-0
:IRZAR_Interbank, Gamma,-0,-0,-0,-4.1583e+012,-0,-0,-0,-0
:IRZAR_Interbank, Gamma,-0,-0,-0,-0,-1.5915e+012,-0,-0,-0
:IRZAR_Interbank, Gamma,-0,-0,-0,-0,-0,1.4956e+012,-0,-0
:IRZAR_Interbank, Gamma,-0,-0,-0,-0,-0,-0,-8.017e+011,-0
:IRZAR_Interbank, Gamma,-0,-0,-0,-0,-0,-0,-0,1.0579e+012
:IRHKD_Interbank, Delta,1.7886e+008,-4.4585e+007,-1.381e+008,-5.4815e+007,2.0734e+008,-2.0025e+007,1.2089e+008,8.1275e+007,4.463e+007
:IRHKD_Interbank, Gamma,-4.923e+011,-0,-0,-0,-0,-0,-0,-0,-0
:IRHKD_Interbank, Gamma,-0,-5.6389e+012,-0,-0,-0,-0,-0,-0,-0
:IRHKD_Interbank, Gamma,-0,-0,7.135e+011,-0,-0,-0,-0,-0,-0
:IRHKD_Interbank, Gamma,-0,-0,-0,-1.1353e+012,-0,-0,-0,-0,-0
:IRHKD_Interbank, Gamma,-0,-0,-0,-0,-2.335e+012,-0,-0,-0,-0
:IRHKD_Interbank, Gamma,-0,-0,-0,-0,-0,-4.8e+009,-0,-0,-0
:IRHKD_Interbank, Gamma,-0,-0,-0,-0,-0,-0,-2.1329e+012,-0,-0
:IRHKD_Interbank, Gamma,-0,-0,-0,-0,-0,-0,-0,3.913e+011,-0
:IRHKD_Interbank, Gamma,-0,-0,-0,-0,-0,-0,-0,-0,-2.7893e+012
:FXTRY_Forward, Delta,-3.9785e+007,1.0308e+008,3.0515e+007,-1.5818e+008,1.23125e+008
:FXTRY_Forward, Gamma,-0,-0,-0,-0,-0
:FXTRY_Forward, Gamma,-0,-0,-0,-0,0
:FXTRY_Forward, Gamma,-0,-0,-0,0,-0
:FXTRY_Forward, Gamma,-0,-0,-0,-0,-0
:FXTRY_Forward, Gamma,-0,-0,-0,-0,-0
:IREUR_EIB3M, Delta,2.12515e+008,9.728e+007,1.1622e+008,6.396e+007,3.9175e+008,2.1028e+008,3.2825e+007,5.189e+007,-1.88e+007,2.70635e+008,-1.8752e+008,9.621e+007
:IREUR_EIB3M, Gamma,-1.945e+012,-0,-0,-0,-0,-0,-0,-0,-0,-0,-0,-0
:IREUR_EIB3M, Gamma,-0,-2.2745e+012,-0,-0,-0,-0,-0,-0,-0,-0,-0,-0
:IREUR_EIB3M, Gamma,-0,-0,-3.639e+011,-0,-0,-0,-0,-0,-0,-0,-0,-0
:IREUR_EIB3M, Gamma,-0,-0,-0,-1.4664e+012,-0,-0,-0,-0,-0,-0,-0,-0
:IREUR_EIB3M, Gamma,-0,-0,-0,-0,3.593e+011,-0,-0,-0,-0,-0,-0,-0
:IREUR_EIB3M, Gamma,-0,-0,-0,-0,-0,-3.9472e+012,-0,-0,-0,-0,-0,-0
:IREUR_EIB3M, Gamma,-0,-0,-0,-0,-0,-0,-3.2795e+012,-0,-0,-0,-0,-0
:IREUR_EIB3M, Gamma,-0,-0,-0,-0,-0,-0,-0,-4.601e+012,-0,-0,-0,-0
:IREUR_EIB3M, Gamma,-0,-0,-0,-0,-0,-0,-0,-0,-2.0584e+012,-0,-0,-0
:IREUR_EIB3M, Gamma,-0,-0,-0,-0,-0,-0,-0,-0,-0,1.9744e+012,-0,-0
:IREUR_EIB3M, Gamma,-0,-0,-0,-0,-0,-0,-0,-0,-0,-0,7.049e+011,-0
:IREUR_EIB3M, Gamma,-0,-0,-0,-0,-0,-0,-0,-0,-0,-0,-0,-4.2249e+012
:IRUSD_MUAAASP, Delta,-3.1055e+007,-3.9855e+007,-9.295e+007,1.2238e+008,-1.55015e+008,7.715e+007,2.35615e+008,-7.2895e+007,4.972e+007,2.72935e+008
:IRUSD_MUAAASP, Gamma,2.762e+011,-0,-0,-0,-0,-0,-0,-0,-0,-0
:IRUSD_MUAAASP, Gamma,-0,-4.8603e+012,-0,-0,-0,-0,-0,-0,-0,-0
:IRUSD_MUAAASP, Gamma,-0,-0,-3.1139e+012,-0,-0,-0,-0,-0,-0,-0
:IRUSD_MUAAASP, Gamma,-0,-0,-0,-7.2223e+012,-0,-0,-0,-0,-0,-0
:IRUSD_MUAAASP, Gamma,-0,-0,-0,-0,9.026e+011,-0,-0,-0,-0,-0
:IRUSD_MUAAASP, Gamma,-0,-0,-0,-0,-0,-1.5878e+012,-0,-0,-0,-0
:IRUSD_MUAAASP, Gamma,-0,-0,-0,-0,-0,-0,2.1725e+012,-0,-0,-0
:IRUSD_MUAAASP, Gamma,-0,-0,-0,-0,-0,-0,-0,-1.3424e+012,-0,-0
:IRUSD_MUAAASP, Gamma,-0,-0,-0,-0,-0,-0,-0,-0,-4.9993e+012,-0
:IRUSD_MUAAASP, Gamma,-0,-0,-0,-0,-0,-0,-0,-0,-0,-3.871e+011
:IRUSD_MUAASP, Delta,6.0525e+007,-1.2427e+008,3.2165e+007,1.32845e+008,-3.87e+006,1.2394e+008,-1.857e+007
:IRUSD_MUAASP, Gamma,-3.1542e+012,-0,-0,-0,-0,-0,-0
:IRUSD_MUAASP, Gamma,-0,-5.036e+011,-0,-0,-0,-0,-0
:IRUSD_MUAASP, Gamma,-0,-0,-6.701e+011,-0,-0,-0,-0
:IRUSD_MUAASP, Gamma,-0,-0,-0,-2.7005e+012,-0,-0,-0
:IRUSD_MUAASP, Gamma,-0,-0,-0,-0,5.04e+011,-0,-0
:IRUSD_MUAASP, Gamma,-0,-0,-0,-0,-0,-3.6148e+012,-0
:IRUSD_MUAASP, Gamma,-0,-0,-0,-0,-0,-0,-1.1451e+012
:IRUSD_MUASP, Delta,8.6645e+007,1.67845e+008,2.04155e+008,1.7385e+007,2.69325e+008,1.08275e+008,6.567e+007,2.23685e+008
:IRUSD_MUASP, Gamma,-1.6796e+012,-0,-0,-0,-0,-0,-0,-0
:IRUSD_MUASP, Gamma,-0,2.2757e+012,-0,-0,-0,-0,-0,-0
:IRUSD_MUASP, Gamma,-0,-0,-5.7323e+012,-0,-0,-0,-0,-0
:IRUSD_MUASP, Gamma,-0,-0,-0,-1.836e+012,-0,-0,-0,-0
:IRUSD_MUASP, Gamma,-0,-0,-0,-0,-3.996e+012,-0,-0,-0
:IRUSD_MUASP, Gamma,-0,-0,-0,-0,-0,-1.427e+011,-0,-0
:IRUSD_MUASP, Gamma,-0,-0,-0,-0,-0,-0,-4.2663e+012,-0
:IRUSD_MUASP, Gamma,-0,-0,-0,-0,-0,-0,-0,-1.8422e+012
:IRUSD_MUBBBSP, Delta,-2.367e+007,3.6738e+008,8.7805e+007,-2.1772e+008,-4.0675e+007,7.312e+007,-3.6535e+007,-5.167e+007
:IRUSD_MUBBBSP, Gamma,-4.401e+012,-0,-0,-0,-0,-0,-0,-0
:IRUSD_MUBBBSP, Gamma,-0,-3.1629e+012,-0,-0,-0,-0,-0,-0
:IRUSD_MUBBBSP, Gamma,-0,-0,1.3916e+012,-0,-0,-0,-0,-0
:IRUSD_MUBBBSP, Gamma,-0,-0,-0,-2.747e+011,-0,-0,-0,-0
:IRUSD_MUBBBSP, Gamma,-0,-0,-0,-0,-2.774e+012,-0,-0,-0
:IRUSD_MUBBBSP, Gamma,-0,-0,-0,-0,-0,-7.336e+011,-0,-0
:IRUSD_MUBBBSP, Gamma,-0,-0,-0,-0,-0,-0,5.191e+011,-0
:IRUSD_MUBBBSP, Gamma,-0,-0,-0,-0,-0,-0,-0,-1.2725e+012
:IRUSD_MUBBSP, Delta,-4.763e+007,-2.343e+007,-1.8127e+008,-2.53795e+008,3.4578e+008,1.65685e+008,-7.7905e+007,-2.00325e+008,-1.06385e+008,1.4505e+007
:IRUSD_MUBBSP, Gamma,1.076e+011,-0,-0,-0,-0,-0,-0,-0,-0,-0
:IRUSD_MUBBSP, Gamma,-0,-1.8129e+012,-0,-0,-0,-0,-0,-0,-0,-0
:IRUSD_MUBBSP, Gamma,-0,-0,-1.7537e+012,-0,-0,-0,-0,-0,-0,-0
:IRUSD_MUBBSP, Gamma,-0,-0,-0,6.424e+011,-0,-0,-0,-0,-0,-0
:IRUSD_MUBBSP, Gamma,-0,-0,-0,-0,-2.1723e+012,-0,-0,-0,-0,-0
:IRUSD_MUBBSP, Gamma,-0,-0,-0,-0,-0,-3.4009e+012,-0,-0,-0,-0
:IRUSD_MUBBSP, Gamma,-0,-0,-0,-0,-0,-0,9.385e+011,-0,-0,-0
:IRUSD_MUBBSP, Gamma,-0,-0,-0,-0,-0,-0,-0,-1.7352e+012,-0,-0
:IRUSD_MUBBSP, Gamma,-0,-0,-0,-0,-0,-0,-0,-0,-6.214e+011,-0
:IRUSD_MUBBSP, Gamma,-0,-0,-0,-0,-0,-0,-0,-0,-0,-5.547e+011
:IRUSD_MUBSP, Delta,1.69505e+008,3.683e+007,2.01655e+008,-1.22545e+008,-1.31575e+008,-1.17895e+008,-1.2445e+007,1.75705e+008,-2.8445e+007,9.8065e+007
:IRUSD_MUBSP, Gamma,-1.2572e+012,-0,-0,-0,-0,-0,-0,-0,-0,-0
:IRUSD_MUBSP, Gamma,-0,-2.6945e+012,-0,-0,-0,-0,-0,-0,-0,-0
:IRUSD_MUBSP, Gamma,-0,-0,-3.04e+012,-0,-0,-0,-0,-0,-0,-0
:IRUSD_MUBSP, Gamma,-0,-0,-0,1.0405e+012,-0,-0,-0,-0,-0,-0
:IRUSD_MUBSP, Gamma,-0,-0,-0,-0,-2.8082e+012,-0,-0,-0,-0,-0
:IRUSD_MUBSP, Gamma,-0,-0,-0,-0,-0,-1.3055e+012,-0,-0,-0,-0
:IRUSD_MUBSP, Gamma,-0,-0,-0,-0,-0,-0,-1.3298e+012,-0,-0,-0
:IRUSD_MUBSP, Gamma,-0,-0,-0,-0,-0,-0,-0,-2.0239e+012,-0,-0
:IRUSD_MUBSP, Gamma,-0,-0,-0,-0,-0,-0,-0,-0,2.3936e+012,-0
:IRUSD_MUBSP, Gamma,-0,-0,-0,-0,-0,-0,-0,-0,-0,-1.8607e+012
:IRUSD_MUCCCSP, Delta,1.45395e+008,-7.265e+006,-1.8954e+008,2.01245e+008,2.7538e+008,2.45375e+008,-4.8355e+007,2.3415e+007,-5.324e+007,3.396e+007
:IRUSD_MUCCCSP, Gamma,-4.5504e+012,-0,-0,-0,-0,-0,-0,-0,-0,-0
:IRUSD_MUCCCSP, Gamma,-0,-3.442e+012,-0,-0,-0,-0,-0,-0,-0,-0
:IRUSD_MUCCCSP, Gamma,-0,-0,-3.273e+011,-0,-0,-0,-0,-0,-0,-0
:IRUSD_MUCCCSP, Gamma,-0,-0,-0,-3.0593e+012,-0,-0,-0,-0,-0,-0
:IRUSD_MUCCCSP, Gamma,-0,-0,-0,-0,4.442e+011,-0,-0,-0,-0,-0
:IRUSD_MUCCCSP, Gamma,-0,-0,-0,-0,-0,-2.3249e+012,-0,-0,-0,-0
:IRUSD_MUCCCSP, Gamma,-0,-0,-0,-0,-0,-0,-4.1402e+012,-0,-0,-0
:IRUSD_MUCCCSP, Gamma,-0,-0,-0,-0,-0,-0,-0,-1.0656e+012,-0,-0
:IRUSD_MUCCCSP, Gamma,-0,-0,-0,-0,-0,-0,-0,-0,5.522e+011,-0
:IRUSD_MUCCCSP, Gamma,-0,-0,-0,-0,-0,-0,-0,-0,-0,-2.5302e+012
:IRUSD_Interbank1, Delta,1.2899e+008,-1.963e+007,3.70235e+008,5.2875e+007,2.2889e+008,7.3645e+007,1.7114e+008,-4.4625e+007,-6.0465e+007,-5.2425e+007,-1.1295e+007,3.7345e+008,4.0985e+007,7.7485e+007
:IRUSD_Interbank1, Gamma,-3.3476e+012,-0,-0,-0,-0,-0,-0,-0,-0,-0,-0,-0,-0,-0
:IRUSD_Interbank1, Gamma,-0,-1.9775e+012,-0,-0,-0,-0,-0,-0,-0,-0,-0,-0,-0,-0
:IRUSD_Interbank1, Gamma,-0,-0,-4.439e+012,-0,-0,-0,-0,-0,-0,-0,-0,-0,-0,-0
:IRUSD_Interbank1, Gamma,-0,-0,-0,-1.215e+012,-0,-0,-0,-0,-0,-0,-0,-0,-0,-0
:IRUSD_Interbank1, Gamma,-0,-0,-0,-0,-4.2809e+012,-0,-0,-0,-0,-0,-0,-0,-0,-0
:IRUSD_Interbank1, Gamma,-0,-0,-0,-0,-0,-3.8038e+012,-0,-0,-0,-0,-0,-0,-0,-0
:IRUSD_Interbank1, Gamma,-0,-0,-0,-0,-0,-0,-3.5276e+012,-0,-0,-0,-0,-0,-0,-0
:IRUSD_Interbank1, Gamma,-0,-0,-0,-0,-0,-0,-0,-2.4249e+012,-0,-0,-0,-0,-0,-0
:IRUSD_Interbank1, Gamma,-0,-0,-0,-0,-0,-0,-0,-0,8.808e+011,-0,-0,-0,-0,-0
:IRUSD_Interbank1, Gamma,-0,-0,-0,-0,-0,-0,-0,-0,-0,-8.868e+011,-0,-0,-0,-0
:IRUSD_Interbank1, Gamma,-0,-0,-0,-0,-0,-0,-0,-0,-0,-0,-2.8263e+012,-0,-0,-0
:IRUSD_Interbank1, Gamma,-0,-0,-0,-0,-0,-0,-0,-0,-0,-0,-0,-7.99e+010,-0,-0
:IRUSD_Interbank1, Gamma,-0,-0,-0,-0,-0,-0,-0,-0,-0,-0,-0,-0,-7.055e+011,-0
:IRUSD_Interbank1, Gamma,-0,-0,-0,-0,-0,-0,-0,-0,-0,-0,-0,-0,-0,8.42e+010
:IREUR_EIB1M, Delta,2.30295e+008,1.70685e+008,-8.1155e+007,-2.32395e+008,-6.5805e+007,4.91e+007,-7.528e+007,1.10285e+008,1.6485e+008,1.82545e+008,1.7611e+008,5.8875e+007
:IREUR_EIB1M, Gamma,-2.0103e+012,-0,-0,-0,-0,-0,-0,-0,-0,-0,-0,-0
:IREUR_EIB1M, Gamma,-0,-3.0252e+012,-0,-0,-0,-0,-0,-0,-0,-0,-0,-0
:IREUR_EIB1M, Gamma,-0,-0,-2.9884e+012,-0,-0,-0,-0,-0,-0,-0,-0,-0
:IREUR_EIB1M, Gamma,-0,-0,-0,-2.4927e+012,-0,-0,-0,-0,-0,-0,-0,-0
:IREUR_EIB1M, Gamma,-0,-0,-0,-0,-1.5459e+012,-0,-0,-0,-0,-0,-0,-0
:IREUR_EIB1M, Gamma,-0,-0,-0,-0,-0,-2.6891e+012,-0,-0,-0,-0,-0,-0
:IREUR_EIB1M, Gamma,-0,-0,-0,-0,-0,-0,-1.7171e+012,-0,-0,-0,-0,-0
:IREUR_EIB1M, Gamma,-0,-0,-0,-0,-0,-0,-0,-2.5691e+012,-0,-0,-0,-0
:IREUR_EIB1M, Gamma,-0,-0,-0,-0,-0,-0,-0,-0,-3.1146e+012,-0,-0,-0
:IREUR_EIB1M, Gamma,-0,-0,-0,-0,-0,-0,-0,-0,-0,-3.2914e+012,-0,-0
:IREUR_EIB1M, Gamma,-0,-0,-0,-0,-0,-0,-0,-0,-0,-0,-3.2269e+012,-0
:IREUR_EIB1M, Gamma,-0,-0,-0,-0,-0,-0,-0,-0,-0,-0,-0,-2.0544e+012
:IRJPY_USDCC, Delta,-2.02e+006,2.01415e+008,8.96e+006,5.0215e+007,3.8211e+008,1.25225e+008,5.313e+007,6.4475e+007,-4.573e+007,1.34845e+008,-5.732e+007
:IRJPY_USDCC, Gamma,-1.4453e+012,-0,-0,-0,-0,-0,-0,-0,-0,-0,-0
:IRJPY_USDCC, Gamma,-0,-3.4795e+012,-0,-0,-0,-0,-0,-0,-0,-0,-0
:IRJPY_USDCC, Gamma,-0,-0,-1.5548e+012,-0,-0,-0,-0,-0,-0,-0,-0
:IRJPY_USDCC, Gamma,-0,-0,-0,-1.9672e+012,-0,-0,-0,-0,-0,-0,-0
:IRJPY_USDCC, Gamma,-0,-0,-0,-0,-5.286e+012,-0,-0,-0,-0,-0,-0
:IRJPY_USDCC, Gamma,-0,-0,-0,-0,-0,-2.717e+012,-0,-0,-0,-0,-0
:IRJPY_USDCC, Gamma,-0,-0,-0,-0,-0,-0,-1.9959e+012,-0,-0,-0,-0
:IRJPY_USDCC, Gamma,-0,-0,-0,-0,-0,-0,-0,-2.1092e+012,-0,-0,-0
:IRJPY_USDCC, Gamma,-0,-0,-0,-0,-0,-0,-0,-0,-1.007e+012,-0,-0
:IRJPY_USDCC, Gamma,-0,-0,-0,-0,-0,-0,-0,-0,-0,-2.8126e+012,-0
:IRJPY_USDCC, Gamma,-0,-0,-0,-0,-0,-0,-0,-0,-0,-0,-8.908e+011
:IRAUD_USDCC, Delta,1.23895e+008,2.4316e+008,1.94105e+008,1.3509e+008,-3.6345e+007,-5.762e+007,-1.19295e+008,8.318e+007,2.58795e+008,-4.91e+006,-3.27965e+008
:IRAUD_USDCC, Gamma,-2.7028e+012,-0,-0,-0,-0,-0,-0,-0,-0,-0,-0
:IRAUD_USDCC, Gamma,-0,-3.8953e+012,-0,-0,-0,-0,-0,-0,-0,-0,-0
:IRAUD_USDCC, Gamma,-0,-0,-3.4046e+012,-0,-0,-0,-0,-0,-0,-0,-0
:IRAUD_USDCC, Gamma,-0,-0,-0,-2.8143e+012,-0,-0,-0,-0,-0,-0,-0
:IRAUD_USDCC, Gamma,-0,-0,-0,-0,-1.0998e+012,-0,-0,-0,-0,-0,-0
:IRAUD_USDCC, Gamma,-0,-0,-0,-0,-0,-8.869e+011,-0,-0,-0,-0,-0
:IRAUD_USDCC, Gamma,-0,-0,-0,-0,-0,-0,-2.7e+011,-0,-0,-0,-0
:IRAUD_USDCC, Gamma,-0,-0,-0,-0,-0,-0,-0,-2.2946e+012,-0,-0,-0
:IRAUD_USDCC, Gamma,-0,-0,-0,-0,-0,-0,-0,-0,-4.0506e+012,-0,-0
:IRAUD_USDCC, Gamma,-0,-0,-0,-0,-0,-0,-0,-0,-0,-1.4134e+012,-0
:IRAUD_USDCC, Gamma,-0,-0,-0,-0,-0,-0,-0,-0,-0,-0,1.8173e+012
:IREUR_USDCC, Delta,3.3697e+008,-2.9305e+007,-2.0001e+008,9.8745e+007,2.2967e+008,-1.19515e+008,7.273e+007,1.67015e+008,9.895e+007,-3.8095e+007,1.129e+008,-1.57935e+008
:IREUR_USDCC, Gamma,-4.8319e+012,-0,-0,-0,-0,-0,-0,-0,-0,-0,-0,-0
:IREUR_USDCC, Gamma,-0,-1.169e+012,-0,-0,-0,-0,-0,-0,-0,-0,-0,-0
:IREUR_USDCC, Gamma,-0,-0,5.382e+011,-0,-0,-0,-0,-0,-0,-0,-0,-0
:IREUR_USDCC, Gamma,-0,-0,-0,-2.4492e+012,-0,-0,-0,-0,-0,-0,-0,-0
:IREUR_USDCC, Gamma,-0,-0,-0,-0,-3.7583e+012,-0,-0,-0,-0,-0,-0,-0
:IREUR_USDCC, Gamma,-0,-0,-0,-0,-0,-2.663e+011,-0,-0,-0,-0,-0,-0
:IREUR_USDCC, Gamma,-0,-0,-0,-0,-0,-0,-2.1886e+012,-0,-0,-0,-0,-0
:IREUR_USDCC, Gamma,-0,-0,-0,-0,-0,-0,-0,-3.1313e+012,-0,-0,-0,-0
:IREUR_USDCC, Gamma,-0,-0,-0,-0,-0,-0,-0,-0,-2.4505e+012,-0,-0,-0
:IREUR_USDCC, Gamma,-0,-0,-0,-0,-0,-0,-0,-0,-0,-1.0799e+012,-0,-0
:IREUR_USDCC, Gamma,-0,-0,-0,-0,-0,-0,-0,-0,-0,-0,-2.5897e+012,-0
:IREUR_USDCC, Gamma,-0,-0,-0,-0,-0,-0,-0,-0,-0,-0,-0,1.188e+011
:IRGBP_LIB3M, Delta,8.81e+006,4.1845e+007,-6.442e+007,5.3775e+007,4.756e+007,-1.2075e+007,7.4e+007,1.04905e+008,4.537e+007,1.28265e+008,4.624e+007
:IRGBP_LIB3M, Gamma,-1.5485e+012,-0,-0,-0,-0,-0,-0,-0,-0,-0,-0
:IRGBP_LIB3M, Gamma,-0,-1.8787e+012,-0,-0,-0,-0,-0,-0,-0,-0,-0
:IRGBP_LIB3M, Gamma,-0,-0,-8.159e+011,-0,-0,-0,-0,-0,-0,-0,-0
:IRGBP_LIB3M, Gamma,-0,-0,-0,-1.9977e+012,-0,-0,-0,-0,-0,-0,-0
:IRGBP_LIB3M, Gamma,-0,-0,-0,-0,-1.9354e+012,-0,-0,-0,-0,-0,-0
:IRGBP_LIB3M, Gamma,-0,-0,-0,-0,-0,-1.3389e+012,-0,-0,-0,-0,-0
:IRGBP_LIB3M, Gamma,-0,-0,-0,-0,-0,-0,-2.1995e+012,-0,-0,-0,-0
:IRGBP_LIB3M, Gamma,-0,-0,-0,-0,-0,-0,-0,-2.5084e+012,-0,-0,-0
:IRGBP_LIB3M, Gamma,-0,-0,-0,-0,-0,-0,-0,-0,-1.9129e+012,-0,-0
:IRGBP_LIB3M, Gamma,-0,-0,-0,-0,-0,-0,-0,-0,-0,-2.7417e+012,-0
:IRGBP_LIB3M, Gamma,-0,-0,-0,-0,-0,-0,-0,-0,-0,-0,-1.9213e+012
:IRGBP_RPI, Delta,2.36995e+008,-1.897e+008,1.88615e+008,-1.5557e+008,1.7135e+007,7.921e+007,-9.8645e+007,5.665e+007,-6.6015e+007,6.768e+007,-3.9495e+007,2.2012e+008,-1.40845e+008,1.5253e+008,-1.39975e+008
:IRGBP_RPI, Gamma,-3.8287e+012,-0,-0,-0,-0,-0,-0,-0,-0,-0,-0,-0,-0,-0,-0
:IRGBP_RPI, Gamma,-0,4.384e+011,-0,-0,-0,-0,-0,-0,-0,-0,-0,-0,-0,-0,-0
:IRGBP_RPI, Gamma,-0,-0,-3.3446e+012,-0,-0,-0,-0,-0,-0,-0,-0,-0,-0,-0,-0
:IRGBP_RPI, Gamma,-0,-0,-0,9.74e+010,-0,-0,-0,-0,-0,-0,-0,-0,-0,-0,-0
:IRGBP_RPI, Gamma,-0,-0,-0,-0,-1.6295e+012,-0,-0,-0,-0,-0,-0,-0,-0,-0,-0
:IRGBP_RPI, Gamma,-0,-0,-0,-0,-0,-2.2501e+012,-0,-0,-0,-0,-0,-0,-0,-0,-0
:IRGBP_RPI, Gamma,-0,-0,-0,-0,-0,-0,-4.714e+011,-0,-0,-0,-0,-0,-0,-0,-0
:IRGBP_RPI, Gamma,-0,-0,-0,-0,-0,-0,-0,-2.0242e+012,-0,-0,-0,-0,-0,-0,-0
:IRGBP_RPI, Gamma,-0,-0,-0,-0,-0,-0,-0,-0,-7.974e+011,-0,-0,-0,-0,-0,-0
:IRGBP_RPI, Gamma,-0,-0,-0,-0,-0,-0,-0,-0,-0,-2.1342e+012,-0,-0,-0,-0,-0
:IRGBP_RPI, Gamma,-0,-0,-0,-0,-0,-0,-0,-0,-0,-0,-1.0623e+012,-0,-0,-0,-0
:IRGBP_RPI, Gamma,-0,-0,-0,-0,-0,-0,-0,-0,-0,-0,-0,-3.6583e+012,-0,-0,-0
:IRGBP_RPI, Gamma,-0,-0,-0,-0,-0,-0,-0,-0,-0,-0,-0,-0,-4.85e+010,-0,-0
:IRGBP_RPI, Gamma,-0,-0,-0,-0,-0,-0,-0,-0,-0,-0,-0,-0,-0,-2.9821e+012,-0
:IRGBP_RPI, Gamma,-0,-0,-0,-0,-0,-0,-0,-0,-0,-0,-0,-0,-0,-0,-5.69e+010
:IREUR_EIB1Y, Delta,2.2814e+008,-1.14355e+008,3.734e+007,-8.6835e+007,-3.874e+007,1.27075e+008,-1.4308e+008,7.4715e+007,7.793e+007,-1.80695e+008,1.1129e+008,1.34315e+008
:IREUR_EIB1Y, Gamma,-3.7379e+012,-0,-0,-0,-0,-0,-0,-0,-0,-0,-0,-0
:IREUR_EIB1Y, Gamma,-0,-3.128e+011,-0,-0,-0,-0,-0,-0,-0,-0,-0,-0
:IREUR_EIB1Y, Gamma,-0,-0,-1.8296e+012,-0,-0,-0,-0,-0,-0,-0,-0,-0
:IREUR_EIB1Y, Gamma,-0,-0,-0,-5.877e+011,-0,-0,-0,-0,-0,-0,-0,-0
:IREUR_EIB1Y, Gamma,-0,-0,-0,-0,-1.0685e+012,-0,-0,-0,-0,-0,-0,-0
:IREUR_EIB1Y, Gamma,-0,-0,-0,-0,-0,-2.7265e+012,-0,-0,-0,-0,-0,-0
:IREUR_EIB1Y, Gamma,-0,-0,-0,-0,-0,-0,-2.48e+010,-0,-0,-0,-0,-0
:IREUR_EIB1Y, Gamma,-0,-0,-0,-0,-0,-0,-0,-2.2026e+012,-0,-0,-0,-0
:IREUR_EIB1Y, Gamma,-0,-0,-0,-0,-0,-0,-0,-0,-2.2346e+012,-0,-0,-0
:IREUR_EIB1Y, Gamma,-0,-0,-0,-0,-0,-0,-0,-0,-0,3.518e+011,-0,-0
:IREUR_EIB1Y, Gamma,-0,-0,-0,-0,-0,-0,-0,-0,-0,-0,-2.5679e+012,-0
:IREUR_EIB1Y, Gamma,-0,-0,-0,-0,-0,-0,-0,-0,-0,-0,-0,-2.798e+012
:BMY_C11012210_EQTV, Delta,1.46015e+008
:BMY_C11012210_EQTV, Gamma,-0
:COF_C14040H10_EQTV, Delta,9.398e+007
:COF_C14040H10_EQTV, Gamma,-0
:CSCO_C17275R10_EQTV, Delta,1.3914e+008
:CSCO_C17275R10_EQTV, Gamma,-0
:GE_C36960410_EQTV, Delta,1.771e+007
:GE_C36960410_EQTV, Gamma,-0
:GS_C38141G10_EQTV, Delta,-8.968e+007
:GS_C38141G10_EQTV, Gamma,0
:HAL_C40621610_EQTV, Delta,4.1503e+008
:HAL_C40621610_EQTV, Gamma,-0
:HD_C43707610_EQTV, Delta,1.12325e+008
:HD_C43707610_EQTV, Gamma,-0
:HPQ_C42823610_EQTV, Delta,1.25025e+008
:HPQ_C42823610_EQTV, Gamma,-0
:IBM_C45920010_EQTV, Delta,-3.3757e+008
:IBM_C45920010_EQTV, Gamma,0
:INDUA_C26099405_EQTV, Delta,-9.5275e+007,-7.825e+006,-2.9024e+008
:INDUA_C26099405_EQTV, Gamma,-0,0,-0
:INDUA_C26099405_EQTV, Gamma,-0,-0,0
:INDUA_C26099405_EQTV, Gamma,-0,-0,0
:INTC_C45814010_EQTV, Delta,1.844e+007
:INTC_C45814010_EQTV, Gamma,-0
:JPM_C46625H10_EQTV, Delta,5.786e+007
:JPM_C46625H10_EQTV, Gamma,-0
:KO_C19121610_EQTV, Delta,6.119e+007
:KO_C19121610_EQTV, Gamma,-0
:MCD_C58013510_EQTV, Delta,6.5265e+007
:MCD_C58013510_EQTV, Gamma,-0
:MSFT_C59491810_EQTV, Delta,5.7675e+007
:MSFT_C59491810_EQTV, Gamma,-0
:PFE_C71708110_EQTV, Delta,1.5875e+007
:PFE_C71708110_EQTV, Gamma,-0
:PG_C74271810_EQTV, Delta,2.8254e+008
:PG_C74271810_EQTV, Gamma,-0
:PHM_C74586710_EQTV, Delta,6.299e+007
:PHM_C74586710_EQTV, Gamma,-0
:SBUX_C85524410_EQTV, Delta,670000
:SBUX_C85524410_EQTV, Gamma,-0
:SP500_C00000117_EQTV, Delta,5.0835e+007,5.148e+007,-2.5474e+008
:SP500_C00000117_EQTV, Gamma,-0,-0,0
:SP500_C00000117_EQTV, Gamma,-0,-0,0
:SP500_C00000117_EQTV, Gamma,-0,-0,0
:SPY_C78462F10_EQTV, Delta,1.62275e+008
:SPY_C78462F10_EQTV, Gamma,-0
:TEVA_C88162420_EQTV, Delta,2.9099e+008
:TEVA_C88162420_EQTV, Gamma,-0
:UPS_C91131210_EQTV, Delta,7.6105e+007
:UPS_C91131210_EQTV, Gamma,-0
:WMT_C93114210_EQTV, Delta,2.084e+007
:WMT_C93114210_EQTV, Gamma,-0
:XOM_C30231G10_EQTV, Delta,3.7695e+008
:XOM_C30231G10_EQTV, Gamma,-0
:EFA_C46428746_EQTV, Delta,-1.11365e+008
:EFA_C46428746_EQTV, Gamma,0
:EEM_C46428723_EQTV, Delta,-7.4895e+007
:EEM_C46428723_EQTV, Gamma,-0
:WFC_C94974610_EQTV, Delta,8.0745e+007
:WFC_C94974610_EQTV, Gamma,-0
:MS_C61744644_EQTV, Delta,1.342e+008
:MS_C61744644_EQTV, Gamma,-0
:MRK_C58933Y10_EQTV, Delta,-3.969e+007
:MRK_C58933Y10_EQTV, Gamma,-0
:IVZ_CG491BT10_EQTV, Delta,-8.669e+007
:IVZ_CG491BT10_EQTV, Gamma,-0
:YUM_C98849810_EQTV, Delta,2.73815e+008
:YUM_C98849810_EQTV, Gamma,0
:XLF_C81369Y60_EQTV, Delta,1.259e+008
:XLF_C81369Y60_EQTV, Gamma,0
:ABX_C06790110_EQTV, Delta,9.3995e+007
:ABX_C06790110_EQTV, Gamma,-0
:F_C34537086_EQTV, Delta,8.4465e+007
:F_C34537086_EQTV, Gamma,-0
:MU_C59511210_EQTV, Delta,3.36945e+008
:MU_C59511210_EQTV, Gamma,-0
:GM_C37045V10_EQTV, Delta,1.18275e+008
:GM_C37045V10_EQTV, Gamma,-0
:C_C17296742_EQTV, Delta,-8.322e+007
:C_C17296742_EQTV, Gamma,-0
:SWN_C84546710_EQTV, Delta,-1.7849e+008
:SWN_C84546710_EQTV, Gamma,-0
:YHOO_C98433210_EQTV, Delta,1.27275e+008
:YHOO_C98433210_EQTV, Gamma,-0
:SJM_C83269640_EQTV, Delta,-6.099e+007
:SJM_C83269640_EQTV, Gamma,-0
:WAG_C93142210_EQTV, Delta,1.31375e+008
:WAG_C93142210_EQTV, Gamma,0
:PEP_C71344810_EQTV, Delta,2.67165e+008
:PEP_C71344810_EQTV, Gamma,-0
:MET_C59156R10_EQTV, Delta,1.2334e+008
:MET_C59156R10_EQTV, Gamma,-0
:FCX_C35671D85_EQTV, Delta,1.31375e+008
:FCX_C35671D85_EQTV, Gamma,-0
:CMCSA_C20030N10_EQTV, Delta,-1.0102e+008
:CMCSA_C20030N10_EQTV, Gamma,-0
:BAC_C06050510_EQTV, Delta,1.64875e+008
:BAC_C06050510_EQTV, Gamma,-0
:USB_C90297330_EQTV, Delta,6.446e+007
:USB_C90297330_EQTV, Gamma,-0
:T_C00206R10_EQTV, Delta,1.29305e+008
:T_C00206R10_EQTV, Gamma,-0
:AAPL_C03783310_EQTV, Delta,3.36775e+008
:AAPL_C03783310_EQTV, Gamma,-0
:DVN_C25179M10_EQTV, Delta,-8.765e+007
:DVN_C25179M10_EQTV, Gamma,0
:CBRL_C22410J10_EQTV, Delta,2.751e+008
:CBRL_C22410J10_EQTV, Gamma,-0
:POT_C73755L10_EQTV, Delta,-1.45955e+008
:POT_C73755L10_EQTV, Gamma,-0
:AFL_C00105510_EQTV, Delta,8.3725e+007
:AFL_C00105510_EQTV, Gamma,-0
:LLY_C53245710_EQTV, Delta,1.28075e+008
:LLY_C53245710_EQTV, Gamma,-0
:DOW_C26054310_EQTV, Delta,1.37725e+008
:DOW_C26054310_EQTV, Gamma,-0
:JNJ_C47816010_EQTV, Delta,7.8745e+007
:JNJ_C47816010_EQTV, Gamma,-0
:DIS_C25468710_EQTV, Delta,-2.6128e+008
:DIS_C25468710_EQTV, Gamma,-0
:CAT_C14912310_EQTV, Delta,-2.44915e+008
:CAT_C14912310_EQTV, Gamma,-0
:HOG_C41282210_EQTV, Delta,-1.10635e+008
:HOG_C41282210_EQTV, Gamma,-0
:ABT_C00282410_EQTV, Delta,3.7057e+008
:ABT_C00282410_EQTV, Gamma,-0
:ADBE_C00724F10_EQTV, Delta,-1.41895e+008
:ADBE_C00724F10_EQTV, Gamma,-0
:AIG_C02687478_EQTV, Delta,8.139e+007
:AIG_C02687478_EQTV, Gamma,-0
:CE_C15087010_EQTV, Delta,1.463e+007
:CE_C15087010_EQTV, Gamma,-0
:CRM_C79466L30_EQTV, Delta,9.1815e+007
:CRM_C79466L30_EQTV, Gamma,-0
:CVX_C16676410_EQTV, Delta,1.68565e+008
:CVX_C16676410_EQTV, Gamma,-0
:DOV_C26000310_EQTV, Delta,2.3529e+008
:DOV_C26000310_EQTV, Gamma,-0
:ETN_CG2918310_EQTV, Delta,-3.0344e+008
:ETN_CG2918310_EQTV, Gamma,-0
:HON_C43851610_EQTV, Delta,1.36505e+008
:HON_C43851610_EQTV, Gamma,-0
:JCI_C47836610_EQTV, Delta,3.8765e+007
:JCI_C47836610_EQTV, Gamma,-0
:LOW_C54866110_EQTV, Delta,6.705e+006
:LOW_C54866110_EQTV, Gamma,-0
:LVS_C51783410_EQTV, Delta,-7.1055e+007
:LVS_C51783410_EQTV, Gamma,0
:NOV_C63707110_EQTV, Delta,2.19785e+008
:NOV_C63707110_EQTV, Gamma,-0
:PM_C71817210_EQTV, Delta,-2.00345e+008
:PM_C71817210_EQTV, Gamma,-0
:SHPG_C82481R10_EQTV, Delta,-1.7777e+008
:SHPG_C82481R10_EQTV, Gamma,-0
:UNP_C90781810_EQTV, Delta,2.7601e+008
:UNP_C90781810_EQTV, Gamma,-0
:BRKB_C08467070_EQTV, Delta,5.398e+007
:BRKB_C08467070_EQTV, Gamma,-0
:QCOM_C74752510_EQTV, Delta,8.07e+006
:QCOM_C74752510_EQTV, Gamma,-0
:VLO_C91913Y10_EQTV, Delta,9.207e+007
:VLO_C91913Y10_EQTV, Gamma,-0
:ICE_C45866F10_EQTV, Delta,6.483e+007
:ICE_C45866F10_EQTV, Gamma,-0
:IJR_C46428780_EQTV, Delta,9.779e+007
:IJR_C46428780_EQTV, Gamma,-0
:IM_C45715310_EQTV, Delta,2.0125e+007
:IM_C45715310_EQTV, Gamma,-0
:BCR_C06738310_EQTV, Delta,-4.686e+007
:BCR_C06738310_EQTV, Gamma,-0
:AVGO_CY0486S10_EQTV, Delta,1.4434e+008
:AVGO_CY0486S10_EQTV, Gamma,0
:MO_C02209S10_EQTV, Delta,1.8442e+008
:MO_C02209S10_EQTV, Gamma,-0
:PCAR_C69371810_EQTV, Delta,-3.235e+007
:PCAR_C69371810_EQTV, Gamma,0
:XON_C46122T10_EQTV, Delta,1.7846e+008
:XON_C46122T10_EQTV, Gamma,-0
:NBR_CG6359F10_EQTV, Delta,2.9787e+008
:NBR_CG6359F10_EQTV, Gamma,-0
:FDX_C31428X10_EQTV, Delta,4.4875e+007
:FDX_C31428X10_EQTV, Gamma,0
:TGT_C87612E10_EQTV, Delta,1.4461e+008
:TGT_C87612E10_EQTV, Gamma,-0
:AXP_C02581610_EQTV, Delta,1.40785e+008
:AXP_C02581610_EQTV, Gamma,0
:MNST_C61174010_EQTV, Delta,-2.5986e+008
:MNST_C61174010_EQTV, Gamma,0
:OSK_C68823920_EQTV, Delta,-1.0725e+007
:OSK_C68823920_EQTV, Gamma,-0
:AZN_C04635310_EQTV, Delta,1.72715e+008
:AZN_C04635310_EQTV, Gamma,-0
:APC_C03251110_EQTV, Delta,1.159e+007
:APC_C03251110_EQTV, Gamma,-0
:BURL_C12201710_EQTV, Delta,1.5002e+008
:BURL_C12201710_EQTV, Gamma,-0
:NFLX_C64110L10_EQTV, Delta,2.7345e+007
:NFLX_C64110L10_EQTV, Gamma,-0
:HCA_C40412C10_EQTV, Delta,8.3135e+007
:HCA_C40412C10_EQTV, Gamma,-0
:LNKD_C53578A10_EQTV, Delta,8.5535e+007
:LNKD_C53578A10_EQTV, Gamma,-0
:COST_C22160K10_EQTV, Delta,1.99e+007
:COST_C22160K10_EQTV, Gamma,-0
:FXAED_Forward, Delta,2.3631e+008
:FXAED_Forward, Gamma,-0
:FXAED, Delta,-9.4285e+007
:FXAED, Gamma,-0
:FXAFN, Delta,1.03765e+008
:FXAFN, Gamma,-0
:FXAOA, Delta,3.14425e+008
:FXAOA, Gamma,-0
:FXARS_Forward, Delta,-1.3295e+007
:FXARS_Forward, Gamma,-0
:IRARS_Interbank, Delta,-3.8335e+007
:IRARS_Interbank, Gamma,-1.0703e+012
:FXARS, Delta,1.21245e+008
:FXARS, Gamma,-0
:IRAUD_BBS3M, Delta,1.1414e+008,2.6295e+007,-6.46e+007,1.82165e+008,1.0566e+008,3.26455e+008,-6.011e+007,3.4425e+007,-2.27e+008,1.905e+006,-7.93e+007
:IRAUD_BBS3M, Gamma,-2.5949e+012,-0,-0,-0,-0,-0,-0,-0,-0,-0,-0
:IRAUD_BBS3M, Gamma,-0,-1.7163e+012,-0,-0,-0,-0,-0,-0,-0,-0,-0
:IRAUD_BBS3M, Gamma,-0,-0,-8.072e+011,-0,-0,-0,-0,-0,-0,-0,-0
:IRAUD_BBS3M, Gamma,-0,-0,-0,-3.2747e+012,-0,-0,-0,-0,-0,-0,-0
:IRAUD_BBS3M, Gamma,-0,-0,-0,-0,-2.5095e+012,-0,-0,-0,-0,-0,-0
:IRAUD_BBS3M, Gamma,-0,-0,-0,-0,-0,-4.7173e+012,-0,-0,-0,-0,-0
:IRAUD_BBS3M, Gamma,-0,-0,-0,-0,-0,-0,-8.515e+011,-0,-0,-0,-0
:IRAUD_BBS3M, Gamma,-0,-0,-0,-0,-0,-0,-0,-1.7967e+012,-0,-0,-0
:IRAUD_BBS3M, Gamma,-0,-0,-0,-0,-0,-0,-0,-0,8.177e+011,-0,-0
:IRAUD_BBS3M, Gamma,-0,-0,-0,-0,-0,-0,-0,-0,-0,-1.4712e+012,-0
:IRAUD_BBS3M, Gamma,-0,-0,-0,-0,-0,-0,-0,-0,-0,-0,-6.59e+011
:IRAUD_BBSW, Delta,-6.2285e+007
:IRAUD_BBSW, Gamma,-8.29e+011
:FXAUD, Delta,3.8555e+007
:FXAUD, Gamma,-0
:FXBBD, Delta,-3.6445e+007
:FXBBD, Gamma,-0
:FXBDT, Delta,-2.522e+008
:FXBDT, Gamma,-0
:FXBGN_Forward, Delta,-8.34e+007
:FXBGN_Forward, Gamma,0
:FXBGN, Delta,2.1202e+008
:FXBGN, Gamma,-0
:FXBHD_Forward, Delta,-4.1075e+007
:FXBHD_Forward, Gamma,-0
:FXBHD, Delta,1.5779e+008
:FXBHD, Gamma,-0
:IRBMD_Interbank, Delta,1.5521e+008
:IRBMD_Interbank, Gamma,-3.0038e+012
:FXBMD, Delta,1.845e+007
:FXBMD, Gamma,-0
:FXBOB, Delta,1.7545e+007
:FXBOB, Gamma,-0
:FXBRL_Forward, Delta,1.08485e+008
:FXBRL_Forward, Gamma,0
:IRBRL_Interbank, Delta,6.445e+006
:IRBRL_Interbank, Gamma,-1.516e+012
:FXBRL, Delta,8.745e+006
:FXBRL, Gamma,-0
:FXBWP_Forward, Delta,8.54e+006
:FXBWP_Forward, Gamma,-0
:IRBWP_Interbank, Delta,1.0297e+008
:IRBWP_Interbank, Gamma,-2.4811e+012
:FXBWP, Delta,1.7594e+008
:FXBWP, Gamma,-0
:FXBZD, Delta,4.93e+006
:FXBZD, Gamma,0
:FXCAD, Delta,-8.7675e+007
:FXCAD, Gamma,-0
:FXCHF, Delta,-3.33295e+008
:FXCHF, Gamma,-0
:FXCLP_Forward, Delta,6.97e+007
:FXCLP_Forward, Gamma,0
:FXCLP, Delta,1.3208e+008
:FXCLP, Gamma,-0
:FXCNY_Forward, Delta,-1.8002e+008
:FXCNY_Forward, Gamma,-0
:FXCNY, Delta,9.769e+007
:FXCNY, Gamma,-0
:FXCOP_Forward, Delta,-2.03585e+008
:FXCOP_Forward, Gamma,0
:IRCOP_Interbank, Delta,-3.7955e+007
:IRCOP_Interbank, Gamma,-1.0717e+012
:FXCOP, Delta,-1.51215e+008
:FXCOP, Gamma,-0
:FXCRC, Delta,-6.8845e+007
:FXCRC, Gamma,-0
:FXCVE, Delta,3.04905e+008
:FXCVE, Gamma,-0
:FXCZK, Delta,3.00675e+008
:FXCZK, Gamma,-0
:FXDJF, Delta,7.7375e+007
:FXDJF, Gamma,0
:FXDKK, Delta,1.97275e+008
:FXDKK, Gamma,-0
:FXDZD, Delta,2.2918e+008
:FXDZD, Gamma,-0
:FXEEK, Delta,4.91e+006
:FXEEK, Gamma,-0
:FXEGP_Forward, Delta,1.5558e+008
:FXEGP_Forward, Gamma,-0
:IREGP_Interbank, Delta,3.637e+007
:IREGP_Interbank, Gamma,-1.8148e+012
:FXEGP, Delta,3.3225e+007
:FXEGP, Gamma,-0
:IREUR_CapFloor1M, Delta,-5.3105e+007
:IREUR_CapFloor1M, Gamma,-9.199e+011
:IREUR_CapFloor3M, Delta,-8.45e+007
:IREUR_CapFloor3M, Gamma,-6.058e+011
:IREUR_CapFloor6M, Delta,-6.7215e+007
:IREUR_CapFloor6M, Gamma,-7.785e+011
:IREUR_EIBOR, Delta,-6.368e+007,7.2045e+007,-8.9e+007,1.05075e+008,-3.582e+007,9.2915e+007,6.762e+007,4.285e+006,2.077e+007,3.31505e+008,-8.075e+007,1.23015e+008
:IREUR_EIBOR, Gamma,-8.137e+011,-0,-0,-0,-0,-0,-0,-0,-0,-0,-0,-0
:IREUR_EIBOR, Gamma,-0,-2.1708e+012,-0,-0,-0,-0,-0,-0,-0,-0,-0,-0
:IREUR_EIBOR, Gamma,-0,-0,-5.602e+011,-0,-0,-0,-0,-0,-0,-0,-0,-0
:IREUR_EIBOR, Gamma,-0,-0,-0,-2.5008e+012,-0,-0,-0,-0,-0,-0,-0,-0
:IREUR_EIBOR, Gamma,-0,-0,-0,-0,-1.0917e+012,-0,-0,-0,-0,-0,-0,-0
:IREUR_EIBOR, Gamma,-0,-0,-0,-0,-0,-2.3789e+012,-0,-0,-0,-0,-0,-0
:IREUR_EIBOR, Gamma,-0,-0,-0,-0,-0,-0,-2.1258e+012,-0,-0,-0,-0,-0
:IREUR_EIBOR, Gamma,-0,-0,-0,-0,-0,-0,-0,-1.4923e+012,-0,-0,-0,-0
:IREUR_EIBOR, Gamma,-0,-0,-0,-0,-0,-0,-0,-0,-1.657e+012,-0,-0,-0
:IREUR_EIBOR, Gamma,-0,-0,-0,-0,-0,-0,-0,-0,-0,-4.7642e+012,-0,-0
:IREUR_EIBOR, Gamma,-0,-0,-0,-0,-0,-0,-0,-0,-0,-0,-6.415e+011,-0
:IREUR_EIBOR, Gamma,-0,-0,-0,-0,-0,-0,-0,-0,-0,-0,-0,-2.679e+012
:IREUR_EONIA, Delta,2.773e+007,5.775e+006,7.724e+007,2.03375e+008,3.4769e+008,8.215e+006,-3.69e+006,-1.0915e+007,5.066e+007,-4.1965e+007,-1.0806e+008,-2.57005e+008
:IREUR_EONIA, Gamma,-1.726e+012,-0,-0,-0,-0,-0,-0,-0,-0,-0,-0,-0
:IREUR_EONIA, Gamma,-0,-1.5063e+012,-0,-0,-0,-0,-0,-0,-0,-0,-0,-0
:IREUR_EONIA, Gamma,-0,-0,-2.2208e+012,-0,-0,-0,-0,-0,-0,-0,-0,-0
:IREUR_EONIA, Gamma,-0,-0,-0,-3.482e+012,-0,-0,-0,-0,-0,-0,-0,-0
:IREUR_EONIA, Gamma,-0,-0,-0,-0,-4.925e+012,-0,-0,-0,-0,-0,-0,-0
:IREUR_EONIA, Gamma,-0,-0,-0,-0,-0,-1.5301e+012,-0,-0,-0,-0,-0,-0
:IREUR_EONIA, Gamma,-0,-0,-0,-0,-0,-0,-1.4109e+012,-0,-0,-0,-0,-0
:IREUR_EONIA, Gamma,-0,-0,-0,-0,-0,-0,-0,-1.3385e+012,-0,-0,-0,-0
:IREUR_EONIA, Gamma,-0,-0,-0,-0,-0,-0,-0,-0,-1.9541e+012,-0,-0,-0
:IREUR_EONIA, Gamma,-0,-0,-0,-0,-0,-0,-0,-0,-0,-1.0277e+012,-0,-0
:IREUR_EONIA, Gamma,-0,-0,-0,-0,-0,-0,-0,-0,-0,-0,-3.666e+011,-0
:IREUR_EONIA, Gamma,-0,-0,-0,-0,-0,-0,-0,-0,-0,-0,-0,1.123e+012
:FXEUR, Delta,2.0804e+008
:FXEUR, Gamma,-0
:IREUR_Swaption, Delta,9.96e+007
:IREUR_Swaption, Gamma,-2.4429e+012
:FXFJD, Delta,6.1625e+007
:FXFJD, Gamma,-0
:IRGBP_Deposit, Delta,3.02285e+008
:IRGBP_Deposit, Gamma,-4.4696e+012
:IRGBP_SONIA, Delta,1.1292e+008,1.48165e+008,8.801e+007,-2.45255e+008,-2.0522e+008,2.4655e+007,2.1912e+008,-1.06955e+008,1.3355e+008,7.6085e+007,8.079e+007
:IRGBP_SONIA, Gamma,-2.5758e+012,-0,-0,-0,-0,-0,-0,-0,-0,-0,-0
:IRGBP_SONIA, Gamma,-0,-2.9281e+012,-0,-0,-0,-0,-0,-0,-0,-0,-0
:IRGBP_SONIA, Gamma,-0,-0,-2.3264e+012,-0,-0,-0,-0,-0,-0,-0,-0
:IRGBP_SONIA, Gamma,-0,-0,-0,1.0064e+012,-0,-0,-0,-0,-0,-0,-0
:IRGBP_SONIA, Gamma,-0,-0,-0,-0,6.062e+011,-0,-0,-0,-0,-0,-0
:IRGBP_SONIA, Gamma,-0,-0,-0,-0,-0,-1.6924e+012,-0,-0,-0,-0,-0
:IRGBP_SONIA, Gamma,-0,-0,-0,-0,-0,-0,-3.6369e+012,-0,-0,-0,-0
:IRGBP_SONIA, Gamma,-0,-0,-0,-0,-0,-0,-0,-3.76e+011,-0,-0,-0
:IRGBP_SONIA, Gamma,-0,-0,-0,-0,-0,-0,-0,-0,-2.7809e+012,-0,-0
:IRGBP_SONIA, Gamma,-0,-0,-0,-0,-0,-0,-0,-0,-0,-2.2061e+012,-0
:IRGBP_SONIA, Gamma,-0,-0,-0,-0,-0,-0,-0,-0,-0,-0,-2.253e+012
:FXGBP, Delta,4.52785e+008
:FXGBP, Gamma,-0
:IRGBP_Swaption, Delta,1.24445e+008
:IRGBP_Swaption, Gamma,-2.6894e+012
:IRGBP_USDCC, Delta,4.928e+007,-1.39105e+008,-4.72e+006,1.24535e+008,9.469e+007,5.2925e+007,1.5732e+008,1.59615e+008,1.5395e+008,-1.69545e+008,-6.455e+007
:IRGBP_USDCC, Gamma,-1.9376e+012,-0,-0,-0,-0,-0,-0,-0,-0,-0,-0
:IRGBP_USDCC, Gamma,-0,-5.36e+010,-0,-0,-0,-0,-0,-0,-0,-0,-0
:IRGBP_USDCC, Gamma,-0,-0,-1.3973e+012,-0,-0,-0,-0,-0,-0,-0,-0
:IRGBP_USDCC, Gamma,-0,-0,-0,-2.6897e+012,-0,-0,-0,-0,-0,-0,-0
:IRGBP_USDCC, Gamma,-0,-0,-0,-0,-2.3911e+012,-0,-0,-0,-0,-0,-0
:IRGBP_USDCC, Gamma,-0,-0,-0,-0,-0,-1.9733e+012,-0,-0,-0,-0,-0
:IRGBP_USDCC, Gamma,-0,-0,-0,-0,-0,-0,-3.0171e+012,-0,-0,-0,-0
:IRGBP_USDCC, Gamma,-0,-0,-0,-0,-0,-0,-0,-3.0399e+012,-0,-0,-0
:IRGBP_USDCC, Gamma,-0,-0,-0,-0,-0,-0,-0,-0,-2.9831e+012,-0,-0
:IRGBP_USDCC, Gamma,-0,-0,-0,-0,-0,-0,-0,-0,-0,2.52e+011,-0
:IRGBP_USDCC, Gamma,-0,-0,-0,-0,-0,-0,-0,-0,-0,-0,-7.978e+011
:FXGHS, Delta,1.27515e+008
:FXGHS, Gamma,0
:FXGNF, Delta,-1.389e+007
:FXGNF, Gamma,0
:FXGTQ, Delta,-1.7589e+008
:FXGTQ, Gamma,-0
:FXGYD, Delta,-8.1125e+007
:FXGYD, Gamma,-0
:IRHKD_HIBOR, Delta,5.2455e+007
:IRHKD_HIBOR, Gamma,-1.9677e+012
:FXHKD, Delta,7.2955e+007
:FXHKD, Gamma,-0
:FXHNL, Delta,3.32725e+008
:FXHNL, Gamma,-0
:FXHRK_Forward, Delta,-1.7681e+008
:FXHRK_Forward, Gamma,-0
:FXHRK, Delta,7.234e+007
:FXHRK, Gamma,0
:HUBB_C44351020_EQTV, Delta,1.19935e+008
:HUBB_C44351020_EQTV, Gamma,0
:FXHUF_Forward, Delta,3.297e+007
:FXHUF_Forward, Gamma,-0
:IRHUF_Interbank, Delta,1.6551e+008
:IRHUF_Interbank, Gamma,-3.0981e+012
:FXHUF, Delta,6.315e+006
:FXHUF, Gamma,-0
:index_euro1, Delta,1.4501e+008
:index_euro1, Gamma,-2.9048e+012
:index_cap1m11, Delta,4.5055e+007
:index_cap1m11, Gamma,-1.9051e+012
:index_cap1m21, Delta,1.5805e+008
:index_cap1m21, Gamma,-3.0349e+012
:index_cap3m11, Delta,-1.78865e+008
:index_cap3m11, Gamma,3.344e+011
:index_cap3m21, Delta,1.4133e+008
:index_cap3m21, Gamma,-2.8674e+012
:index_cap6m11, Delta,-1.64845e+008
:index_cap6m11, Gamma,1.945e+011
:index_cap6m21, Delta,-1.31e+008
:index_cap6m21, Gamma,-1.438e+011
:FXIDR_Forward, Delta,1.79635e+008
:FXIDR_Forward, Gamma,0
:IRIDR_Interbank, Delta,1.14495e+008
:IRIDR_Interbank, Gamma,-2.5878e+012
:FXIDR, Delta,-2.26915e+008
:FXIDR, Gamma,-0
:FXILS_Forward, Delta,2.5681e+008
:FXILS_Forward, Gamma,-0
:IRILS_Interbank, Delta,-7.06e+006
:IRILS_Interbank, Gamma,-1.3721e+012
:FXILS, Delta,-2.0485e+007
:FXILS, Gamma,-0
:FXINR_Forward, Delta,-9.516e+007
:FXINR_Forward, Gamma,0
:IRINR_Interbank, Delta,-3.6075e+007
:IRINR_Interbank, Gamma,-1.0818e+012
:FXINR, Delta,-5.29e+007
:FXINR, Gamma,-0
:FXIRR, Delta,1.5716e+008
:FXIRR, Gamma,0
:FXISK_Forward, Delta,-8.4e+006
:FXISK_Forward, Gamma,-0
:FXISK, Delta,-1.58335e+008
:FXISK, Gamma,-0
:FXJMD, Delta,-8.5175e+007
:FXJMD, Gamma,-0
:FXJOD_Forward, Delta,-3.821e+007
:FXJOD_Forward, Gamma,0
:FXJOD, Delta,-2.46025e+008
:FXJOD, Gamma,-0
:IRJPY_CapFloor6M, Delta,5.673e+007
:IRJPY_CapFloor6M, Gamma,-2.0097e+012
:IRJPY_Interbank1, Delta,1.41945e+008
:IRJPY_Interbank1, Gamma,-2.8617e+012
:IRJPY_LIB1Y, Delta,2.8456e+008,3.98585e+008,2.1662e+008,2.71915e+008,9.903e+007,1.36415e+008,5.803e+007,1.5695e+007,-1.2125e+008,3.88375e+008,-7.679e+007
:IRJPY_LIB1Y, Gamma,-4.2877e+012,-0,-0,-0,-0,-0,-0,-0,-0,-0,-0
:IRJPY_LIB1Y, Gamma,-0,-5.4278e+012,-0,-0,-0,-0,-0,-0,-0,-0,-0
:IRJPY_LIB1Y, Gamma,-0,-0,-3.608e+012,-0,-0,-0,-0,-0,-0,-0,-0
:IRJPY_LIB1Y, Gamma,-0,-0,-0,-4.1608e+012,-0,-0,-0,-0,-0,-0,-0
:IRJPY_LIB1Y, Gamma,-0,-0,-0,-0,-2.4318e+012,-0,-0,-0,-0,-0,-0
:IRJPY_LIB1Y, Gamma,-0,-0,-0,-0,-0,-2.8055e+012,-0,-0,-0,-0,-0
:IRJPY_LIB1Y, Gamma,-0,-0,-0,-0,-0,-0,-2.0215e+012,-0,-0,-0,-0
:IRJPY_LIB1Y, Gamma,-0,-0,-0,-0,-0,-0,-0,-1.598e+012,-0,-0,-0
:IRJPY_LIB1Y, Gamma,-0,-0,-0,-0,-0,-0,-0,-0,-2.284e+011,-0,-0
:IRJPY_LIB1Y, Gamma,-0,-0,-0,-0,-0,-0,-0,-0,-0,-5.3245e+012,-0
:IRJPY_LIB1Y, Gamma,-0,-0,-0,-0,-0,-0,-0,-0,-0,-0,-6.727e+011
:IRJPY_LIB3M, Delta,1.54955e+008,5.654e+007,-8.195e+006,-7.299e+007,3.21895e+008,2.4465e+008,1.70235e+008,3.1718e+008,6.1525e+007,1.1037e+008,-8.7225e+007
:IRJPY_LIB3M, Gamma,-2.99e+012,-0,-0,-0,-0,-0,-0,-0,-0,-0,-0
:IRJPY_LIB3M, Gamma,-0,-2.0057e+012,-0,-0,-0,-0,-0,-0,-0,-0,-0
:IRJPY_LIB3M, Gamma,-0,-0,-1.3582e+012,-0,-0,-0,-0,-0,-0,-0,-0
:IRJPY_LIB3M, Gamma,-0,-0,-0,-7.101e+011,-0,-0,-0,-0,-0,-0,-0
:IRJPY_LIB3M, Gamma,-0,-0,-0,-0,-4.6588e+012,-0,-0,-0,-0,-0,-0
:IRJPY_LIB3M, Gamma,-0,-0,-0,-0,-0,-3.8862e+012,-0,-0,-0,-0,-0
:IRJPY_LIB3M, Gamma,-0,-0,-0,-0,-0,-0,-3.1419e+012,-0,-0,-0,-0
:IRJPY_LIB3M, Gamma,-0,-0,-0,-0,-0,-0,-0,-4.6112e+012,-0,-0,-0
:IRJPY_LIB3M, Gamma,-0,-0,-0,-0,-0,-0,-0,-0,-2.0545e+012,-0,-0
:IRJPY_LIB3M, Gamma,-0,-0,-0,-0,-0,-0,-0,-0,-0,-2.5428e+012,-0
:IRJPY_LIB3M, Gamma,-0,-0,-0,-0,-0,-0,-0,-0,-0,-0,-5.667e+011
:FXJPY, Delta,2.6304e+008
:FXJPY, Gamma,0
:IRJPY_Swaption, Delta,1.746e+007
:IRJPY_Swaption, Gamma,-1.6134e+012
:IRJPY_TIB1M, Delta,3.33675e+008,1.3533e+008,-1.72525e+008,2.434e+008,-1.00895e+008,6.181e+007,-8.9685e+007,-1.4633e+008,1.89445e+008,-1.981e+008,-4.8165e+007
:IRJPY_TIB1M, Gamma,-4.7754e+012,-0,-0,-0,-0,-0,-0,-0,-0,-0,-0
:IRJPY_TIB1M, Gamma,-0,-2.7918e+012,-0,-0,-0,-0,-0,-0,-0,-0,-0
:IRJPY_TIB1M, Gamma,-0,-0,2.869e+011,-0,-0,-0,-0,-0,-0,-0,-0
:IRJPY_TIB1M, Gamma,-0,-0,-0,-3.8722e+012,-0,-0,-0,-0,-0,-0,-0
:IRJPY_TIB1M, Gamma,-0,-0,-0,-0,-4.291e+011,-0,-0,-0,-0,-0,-0
:IRJPY_TIB1M, Gamma,-0,-0,-0,-0,-0,-2.056e+012,-0,-0,-0,-0,-0
:IRJPY_TIB1M, Gamma,-0,-0,-0,-0,-0,-0,-5.409e+011,-0,-0,-0,-0
:IRJPY_TIB1M, Gamma,-0,-0,-0,-0,-0,-0,-0,2.57e+010,-0,-0,-0
:IRJPY_TIB1M, Gamma,-0,-0,-0,-0,-0,-0,-0,-0,-3.3319e+012,-0,-0
:IRJPY_TIB1M, Gamma,-0,-0,-0,-0,-0,-0,-0,-0,-0,5.437e+011,-0
:IRJPY_TIB1M, Gamma,-0,-0,-0,-0,-0,-0,-0,-0,-0,-0,-9.555e+011
:IRJPY_TIB3M, Delta,1.4935e+008,-5.1645e+007,8.989e+007,-1.2745e+007,3.0005e+008,1.02735e+008,3.072e+007,3.38895e+008,1.1062e+008,-1.32405e+008,-2.89e+006
:IRJPY_TIB3M, Gamma,-2.9305e+012,-0,-0,-0,-0,-0,-0,-0,-0,-0,-0
:IRJPY_TIB3M, Gamma,-0,-9.204e+011,-0,-0,-0,-0,-0,-0,-0,-0,-0
:IRJPY_TIB3M, Gamma,-0,-0,-2.3356e+012,-0,-0,-0,-0,-0,-0,-0,-0
:IRJPY_TIB3M, Gamma,-0,-0,-0,-1.3091e+012,-0,-0,-0,-0,-0,-0,-0
:IRJPY_TIB3M, Gamma,-0,-0,-0,-0,-4.4369e+012,-0,-0,-0,-0,-0,-0
:IRJPY_TIB3M, Gamma,-0,-0,-0,-0,-0,-2.4636e+012,-0,-0,-0,-0,-0
:IRJPY_TIB3M, Gamma,-0,-0,-0,-0,-0,-0,-1.7433e+012,-0,-0,-0,-0
:IRJPY_TIB3M, Gamma,-0,-0,-0,-0,-0,-0,-0,-4.8249e+012,-0,-0,-0
:IRJPY_TIB3M, Gamma,-0,-0,-0,-0,-0,-0,-0,-0,-2.542e+012,-0,-0
:IRJPY_TIB3M, Gamma,-0,-0,-0,-0,-0,-0,-0,-0,-0,-1.116e+011,-0
:IRJPY_TIB3M, Gamma,-0,-0,-0,-0,-0,-0,-0,-0,-0,-0,-1.4066e+012
:IRJPY_TIBOR, Delta,4.0625e+007,1.444e+007,-1.815e+006,-3.593e+007,6.4295e+007,1.6685e+008,7.3395e+007,-7.29e+007,4.19845e+008,2.9912e+008,-2.8615e+007
:IRJPY_TIBOR, Gamma,-1.8416e+012,-0,-0,-0,-0,-0,-0,-0,-0,-0,-0
:IRJPY_TIBOR, Gamma,-0,-1.5796e+012,-0,-0,-0,-0,-0,-0,-0,-0,-0
:IRJPY_TIBOR, Gamma,-0,-0,-1.4169e+012,-0,-0,-0,-0,-0,-0,-0,-0
:IRJPY_TIBOR, Gamma,-0,-0,-0,-1.0756e+012,-0,-0,-0,-0,-0,-0,-0
:IRJPY_TIBOR, Gamma,-0,-0,-0,-0,-2.0777e+012,-0,-0,-0,-0,-0,-0
:IRJPY_TIBOR, Gamma,-0,-0,-0,-0,-0,-3.1031e+012,-0,-0,-0,-0,-0
:IRJPY_TIBOR, Gamma,-0,-0,-0,-0,-0,-0,-2.1684e+012,-0,-0,-0,-0
:IRJPY_TIBOR, Gamma,-0,-0,-0,-0,-0,-0,-0,-7.053e+011,-0,-0,-0
:IRJPY_TIBOR, Gamma,-0,-0,-0,-0,-0,-0,-0,-0,-5.6326e+012,-0,-0
:IRJPY_TIBOR, Gamma,-0,-0,-0,-0,-0,-0,-0,-0,-0,-4.4252e+012,-0
:IRJPY_TIBOR, Gamma,-0,-0,-0,-0,-0,-0,-0,-0,-0,-0,-1.1477e+012
:FXKES_Forward, Delta,-5.303e+007
:FXKES_Forward, Gamma,-0
:IRKES_Interbank, Delta,6.347e+007
:IRKES_Interbank, Gamma,-2.0684e+012
:FXKES, Delta,2.0362e+008
:FXKES, Gamma,-0
:FXKGS, Delta,6.132e+007
:FXKGS, Gamma,-0
:FXKHR, Delta,-9.341e+007
:FXKHR, Gamma,0
:FXKRW_Forward, Delta,5.4065e+007
:FXKRW_Forward, Gamma,-0
:IRKRW_Interbank, Delta,3.7055e+007
:IRKRW_Interbank, Gamma,-1.8041e+012
:FXKRW, Delta,-1.2568e+008
:FXKRW, Gamma,0
:FXKWD, Delta,-5.718e+007
:FXKWD, Gamma,-0
:FXKZT_Forward, Delta,2.43115e+008
:FXKZT_Forward, Gamma,-0
:FXKZT, Delta,2.276e+007
:FXKZT, Gamma,-0
:FXLBP, Delta,2.29715e+008
:FXLBP, Gamma,-0
:FXLKR_Forward, Delta,-1.0087e+008
:FXLKR_Forward, Gamma,0
:IRLKR_Interbank, Delta,8.005e+007
:IRLKR_Interbank, Gamma,-2.2339e+012
:FXLKR, Delta,3.7575e+007
:FXLKR, Gamma,0
:FXLTL_Forward, Delta,1.87775e+008
:FXLTL_Forward, Gamma,-0
:FXLTL, Delta,3.3785e+007
:FXLTL, Gamma,-0
:FXLVL, Delta,-2.122e+007
:FXLVL, Gamma,-0
:FXMAD_Forward, Delta,9.772e+007
:FXMAD_Forward, Gamma,-0
:IRMAD_Interbank, Delta,1.48285e+008
:IRMAD_Interbank, Gamma,-2.9161e+012
:FXMAD, Delta,8.4755e+007
:FXMAD, Gamma,-0
:FXMUR_Forward, Delta,1.28205e+008
:FXMUR_Forward, Gamma,-0
:IRMUR_Interbank, Delta,1.3422e+008
:IRMUR_Interbank, Gamma,-2.7753e+012
:FXMUR, Delta,7.966e+007
:FXMUR, Gamma,-0
:FXMWK, Delta,1.20635e+008
:FXMWK, Gamma,-0
:FXMXN_Forward, Delta,1.8057e+008
:FXMXN_Forward, Gamma,0
:FXMXN, Delta,5.313e+007
:FXMXN, Gamma,-0
:IRMYR_Interbank, Delta,4.75945e+008
:IRMYR_Interbank, Gamma,-6.1924e+012
:FXMYR, Delta,1.0925e+007
:FXMYR, Gamma,-0
:FXMZN, Delta,3.9655e+007
:FXMZN, Gamma,-0
:FXNAD, Delta,2.83845e+008
:FXNAD, Gamma,-0
:FXNGN_Forward, Delta,-4.938e+007
:FXNGN_Forward, Gamma,0
:FXNGN, Delta,2.08095e+008
:FXNGN, Gamma,-0
:IRNOK_Interbank, Delta,1.6238e+008
:IRNOK_Interbank, Gamma,-3.0566e+012
:FXNOK, Delta,1.4924e+008
:FXNOK, Gamma,-0
:IRNZD_Interbank, Delta,1.31285e+008
:IRNZD_Interbank, Gamma,-2.7455e+012
:FXNZD, Delta,1.8625e+008
:FXNZD, Gamma,-0
:FXOMR_Forward, Delta,3.566e+007
:FXOMR_Forward, Gamma,-0
:FXOMR, Delta,-1.206e+007
:FXOMR, Gamma,-0
:FXPAB, Delta,4.087e+007
:FXPAB, Gamma,-0
:FXPEN_Forward, Delta,-6.212e+007
:FXPEN_Forward, Gamma,-0
:IRPEN_Interbank, Delta,2.8134e+008
:IRPEN_Interbank, Gamma,-4.2459e+012
:FXPEN, Delta,3.3605e+007
:FXPEN, Gamma,-0
:FXPGK, Delta,3.2615e+008
:FXPGK, Gamma,-0
:FXPHP_Forward, Delta,-1.173e+007
:FXPHP_Forward, Gamma,-0
:IRPHP_Interbank, Delta,1.95985e+008
:IRPHP_Interbank, Gamma,-3.3922e+012
:FXPHP, Delta,-2.2192e+008
:FXPHP, Gamma,0
:FXPKR_Forward, Delta,3.2838e+008
:FXPKR_Forward, Gamma,-0
:IRPKR_Interbank, Delta,-8.405e+007
:IRPKR_Interbank, Gamma,-5.917e+011
:FXPKR, Delta,5.6135e+007
:FXPKR, Gamma,-0
:FXPLN_Forward, Delta,1.2373e+008
:FXPLN_Forward, Gamma,-0
:FXPLN, Delta,-7.884e+007
:FXPLN, Gamma,-0
:FXPYG, Delta,-1.8535e+007
:FXPYG, Gamma,-0
:FXQAR_Forward, Delta,2.70255e+008
:FXQAR_Forward, Gamma,-0
:FXQAR, Delta,-7.706e+007
:FXQAR, Gamma,-0
:REFI_DAILY, Delta,-1.7481e+008
:REFI_DAILY, Gamma,-0
:FXRON_Forward, Delta,-2.07345e+008
:FXRON_Forward, Gamma,-0
:IRRON_Interbank, Delta,-1.42965e+008
:IRRON_Interbank, Gamma,-2.4e+009
:FXRON, Delta,2.69115e+008
:FXRON, Gamma,-0
:FXRSD_Forward, Delta,6.425e+007
:FXRSD_Forward, Gamma,0
:FXRSD, Delta,3.25365e+008
:FXRSD, Gamma,-0
:FXRUB_Forward, Delta,2.18415e+008
:FXRUB_Forward, Gamma,0
:FXRUB, Delta,-2.1283e+008
:FXRUB, Gamma,-0
:FXSAR, Delta,6.744e+007
:FXSAR, Gamma,-0
:FXSBD, Delta,2.7949e+008
:FXSBD, Gamma,-0
:FXSEK, Delta,-310000
:FXSEK, Gamma,-0
:IRSGD_Interbank, Delta,-6.424e+007
:IRSGD_Interbank, Gamma,-7.895e+011
:FXSGD, Delta,-1.33505e+008
:FXSGD, Gamma,-0
:FXSRD, Delta,-4.5255e+007
:FXSRD, Gamma,-0
:FXSZL, Delta,1.44465e+008
:FXSZL, Gamma,-0
:FXTHB_Forward, Delta,-9.9715e+007
:FXTHB_Forward, Gamma,-0
:IRTHB_Interbank, Delta,-9.0445e+007
:IRTHB_Interbank, Gamma,-5.273e+011
:FXTHB, Delta,1.55795e+008
:FXTHB, Gamma,-0
:FXTND, Delta,4.332e+007
:FXTND, Gamma,-0
:IRTRY_Interbank, Delta,2.0218e+008
:IRTRY_Interbank, Gamma,-3.4534e+012
:FXTRY, Delta,-1.7551e+008
:FXTRY, Gamma,-0
:FXTTD, Delta,2.873e+008
:FXTTD, Gamma,-0
:TURNOVER_DAILY, Delta,1.7665e+008
:TURNOVER_DAILY, Gamma,-0
:FXTWD_Forward, Delta,2.9715e+007
:FXTWD_Forward, Gamma,-0
:IRTWD_Interbank, Delta,-2.0605e+007
:IRTWD_Interbank, Gamma,-1.2254e+012
:FXTWD, Delta,4.9115e+007
:FXTWD, Gamma,-0
:FXUAH, Delta,2.0723e+008
:FXUAH, Gamma,-0
:FXUGX, Delta,-505000
:FXUGX, Gamma,0
:IRUSD_CapFloor1M, Delta,-7.079e+007
:IRUSD_CapFloor1M, Gamma,-7.234e+011
:IRUSD_CapFloor3M, Delta,1.8585e+007
:IRUSD_CapFloor3M, Gamma,-1.617e+012
:IRUSD_CapFloor6M, Delta,-2.3603e+008
:IRUSD_CapFloor6M, Gamma,9.293e+011
:IRUSD_FEDFD, Delta,3.7935e+007,4.042e+007,-2.48235e+008,-1.9606e+008,1.26795e+008,2.1348e+008,-6.815e+006,9.112e+007,-2.43335e+008,1.0598e+008,2.60105e+008,1.9353e+008,-3.02415e+008,-1.3839e+008
:IRUSD_FEDFD, Gamma,-1.8102e+012,-0,-0,-0,-0,-0,-0,-0,-0,-0,-0,-0,-0,-0
:IRUSD_FEDFD, Gamma,-0,-1.8349e+012,-0,-0,-0,-0,-0,-0,-0,-0,-0,-0,-0,-0
:IRUSD_FEDFD, Gamma,-0,-0,1.0518e+012,-0,-0,-0,-0,-0,-0,-0,-0,-0,-0,-0
:IRUSD_FEDFD, Gamma,-0,-0,-0,5.302e+011,-0,-0,-0,-0,-0,-0,-0,-0,-0,-0
:IRUSD_FEDFD, Gamma,-0,-0,-0,-0,-2.6982e+012,-0,-0,-0,-0,-0,-0,-0,-0,-0
:IRUSD_FEDFD, Gamma,-0,-0,-0,-0,-0,-3.5649e+012,-0,-0,-0,-0,-0,-0,-0,-0
:IRUSD_FEDFD, Gamma,-0,-0,-0,-0,-0,-0,-1.3618e+012,-0,-0,-0,-0,-0,-0,-0
:IRUSD_FEDFD, Gamma,-0,-0,-0,-0,-0,-0,-0,-2.341e+012,-0,-0,-0,-0,-0,-0
:IRUSD_FEDFD, Gamma,-0,-0,-0,-0,-0,-0,-0,-0,1.0037e+012,-0,-0,-0,-0,-0
:IRUSD_FEDFD, Gamma,-0,-0,-0,-0,-0,-0,-0,-0,-0,-2.4893e+012,-0,-0,-0,-0
:IRUSD_FEDFD, Gamma,-0,-0,-0,-0,-0,-0,-0,-0,-0,-0,-4.0304e+012,-0,-0,-0
:IRUSD_FEDFD, Gamma,-0,-0,-0,-0,-0,-0,-0,-0,-0,-0,-0,-3.3645e+012,-0,-0
:IRUSD_FEDFD, Gamma,-0,-0,-0,-0,-0,-0,-0,-0,-0,-0,-0,-0,1.5951e+012,-0
:IRUSD_FEDFD, Gamma,-0,-0,-0,-0,-0,-0,-0,-0,-0,-0,-0,-0,-0,-4.5e+010
:FXUSD_Forward, Delta,-1.8869e+008
:FXUSD_Forward, Gamma,-0
:IRUSD_GOAAA, Delta,-2.7965e+007
:IRUSD_GOAAA, Gamma,-1.1491e+012
:IRUSD_INAAA, Delta,6.934e+007,-7.4925e+007,-1.4914e+008,1.88205e+008,7.712e+007,2.8355e+007,2.0611e+008
:IRUSD_INAAA, Gamma,-2.122e+012,-0,-0,-0,-0,-0,-0
:IRUSD_INAAA, Gamma,-0,-6.792e+011,-0,-0,-0,-0,-0
:IRUSD_INAAA, Gamma,-0,-0,6.31e+010,-0,-0,-0,-0
:IRUSD_INAAA, Gamma,-0,-0,-0,-3.3102e+012,-0,-0,-0
:IRUSD_INAAA, Gamma,-0,-0,-0,-0,-2.1992e+012,-0,-0
:IRUSD_INAAA, Gamma,-0,-0,-0,-0,-0,-1.7114e+012,-0
:IRUSD_INAAA, Gamma,-0,-0,-0,-0,-0,-0,-3.4888e+012
:IRUSD_LIA6M, Delta,-7.515e+006,2.538e+007,1.13615e+008,-1.1688e+008,7.9765e+007,-8.364e+007,-4.4135e+007,8.873e+007,1.14465e+008,9.928e+007,2.50135e+008,5.033e+007,2.60425e+008,1.9026e+008
:IRUSD_LIA6M, Gamma,-1.3524e+012,-0,-0,-0,-0,-0,-0,-0,-0,-0,-0,-0,-0,-0
:IRUSD_LIA6M, Gamma,-0,-1.6812e+012,-0,-0,-0,-0,-0,-0,-0,-0,-0,-0,-0,-0
:IRUSD_LIA6M, Gamma,-0,-0,-2.5634e+012,-0,-0,-0,-0,-0,-0,-0,-0,-0,-0,-0
:IRUSD_LIA6M, Gamma,-0,-0,-0,-2.583e+011,-0,-0,-0,-0,-0,-0,-0,-0,-0,-0
:IRUSD_LIA6M, Gamma,-0,-0,-0,-0,-2.2246e+012,-0,-0,-0,-0,-0,-0,-0,-0,-0
:IRUSD_LIA6M, Gamma,-0,-0,-0,-0,-0,-5.904e+011,-0,-0,-0,-0,-0,-0,-0,-0
:IRUSD_LIA6M, Gamma,-0,-0,-0,-0,-0,-0,-9.853e+011,-0,-0,-0,-0,-0,-0,-0
:IRUSD_LIA6M, Gamma,-0,-0,-0,-0,-0,-0,-0,-2.3138e+012,-0,-0,-0,-0,-0,-0
:IRUSD_LIA6M, Gamma,-0,-0,-0,-0,-0,-0,-0,-0,-2.571e+012,-0,-0,-0,-0,-0
:IRUSD_LIA6M, Gamma,-0,-0,-0,-0,-0,-0,-0,-0,-0,-2.419e+012,-0,-0,-0,-0
:IRUSD_LIA6M, Gamma,-0,-0,-0,-0,-0,-0,-0,-0,-0,-0,-3.9274e+012,-0,-0,-0
:IRUSD_LIA6M, Gamma,-0,-0,-0,-0,-0,-0,-0,-0,-0,-0,-0,-1.9292e+012,-0,-0
:IRUSD_LIA6M, Gamma,-0,-0,-0,-0,-0,-0,-0,-0,-0,-0,-0,-0,-4.03e+012,-0
:IRUSD_LIA6M, Gamma,-0,-0,-0,-0,-0,-0,-0,-0,-0,-0,-0,-0,-0,-3.3282e+012
:IRUSD_LIB1Y, Delta,5.8915e+007,1.1129e+008,2.6335e+007,1.2244e+008,2.11815e+008,6.316e+007,3.0645e+007,1.5686e+008,1.71425e+008,-5.814e+007,-1.04765e+008,-8.521e+007,4.6785e+007,-1.4912e+008
:IRUSD_LIB1Y, Gamma,-2.0146e+012,-0,-0,-0,-0,-0,-0,-0,-0,-0,-0,-0,-0,-0
:IRUSD_LIB1Y, Gamma,-0,-2.5382e+012,-0,-0,-0,-0,-0,-0,-0,-0,-0,-0,-0,-0
:IRUSD_LIB1Y, Gamma,-0,-0,-1.6885e+012,-0,-0,-0,-0,-0,-0,-0,-0,-0,-0,-0
:IRUSD_LIB1Y, Gamma,-0,-0,-0,-2.6494e+012,-0,-0,-0,-0,-0,-0,-0,-0,-0,-0
:IRUSD_LIB1Y, Gamma,-0,-0,-0,-0,-3.543e+012,-0,-0,-0,-0,-0,-0,-0,-0,-0
:IRUSD_LIB1Y, Gamma,-0,-0,-0,-0,-0,-2.0563e+012,-0,-0,-0,-0,-0,-0,-0,-0
:IRUSD_LIB1Y, Gamma,-0,-0,-0,-0,-0,-0,-1.731e+012,-0,-0,-0,-0,-0,-0,-0
:IRUSD_LIB1Y, Gamma,-0,-0,-0,-0,-0,-0,-0,-2.993e+012,-0,-0,-0,-0,-0,-0
:IRUSD_LIB1Y, Gamma,-0,-0,-0,-0,-0,-0,-0,-0,-3.1385e+012,-0,-0,-0,-0,-0
:IRUSD_LIB1Y, Gamma,-0,-0,-0,-0,-0,-0,-0,-0,-0,-8.427e+011,-0,-0,-0,-0
:IRUSD_LIB1Y, Gamma,-0,-0,-0,-0,-0,-0,-0,-0,-0,-0,-3.763e+011,-0,-0,-0
:IRUSD_LIB1Y, Gamma,-0,-0,-0,-0,-0,-0,-0,-0,-0,-0,-0,-5.717e+011,-0,-0
:IRUSD_LIB1Y, Gamma,-0,-0,-0,-0,-0,-0,-0,-0,-0,-0,-0,-0,-1.8915e+012,-0
:IRUSD_LIB1Y, Gamma,-0,-0,-0,-0,-0,-0,-0,-0,-0,-0,-0,-0,-0,6.77e+010
:IRUSD_LIB6M, Delta,1.47415e+008,-1.162e+007,-4.3805e+007,-1.5688e+008,2.19595e+008,-8.13e+007,5.3625e+007,-9.897e+007,6.905e+006,2.445e+007,3.495e+006,-1.5257e+008,1.65465e+008,6.393e+007
:IRUSD_LIB6M, Gamma,-2.8975e+012,-0,-0,-0,-0,-0,-0,-0,-0,-0,-0,-0,-0,-0
:IRUSD_LIB6M, Gamma,-0,-1.307e+012,-0,-0,-0,-0,-0,-0,-0,-0,-0,-0,-0,-0
:IRUSD_LIB6M, Gamma,-0,-0,-9.85e+011,-0,-0,-0,-0,-0,-0,-0,-0,-0,-0,-0
:IRUSD_LIB6M, Gamma,-0,-0,-0,1.459e+011,-0,-0,-0,-0,-0,-0,-0,-0,-0,-0
:IRUSD_LIB6M, Gamma,-0,-0,-0,-0,-3.6187e+012,-0,-0,-0,-0,-0,-0,-0,-0,-0
:IRUSD_LIB6M, Gamma,-0,-0,-0,-0,-0,-6.096e+011,-0,-0,-0,-0,-0,-0,-0,-0
:IRUSD_LIB6M, Gamma,-0,-0,-0,-0,-0,-0,-1.9587e+012,-0,-0,-0,-0,-0,-0,-0
:IRUSD_LIB6M, Gamma,-0,-0,-0,-0,-0,-0,-0,-4.326e+011,-0,-0,-0,-0,-0,-0
:IRUSD_LIB6M, Gamma,-0,-0,-0,-0,-0,-0,-0,-0,-1.4912e+012,-0,-0,-0,-0,-0
:IRUSD_LIB6M, Gamma,-0,-0,-0,-0,-0,-0,-0,-0,-0,-1.6665e+012,-0,-0,-0,-0
:IRUSD_LIB6M, Gamma,-0,-0,-0,-0,-0,-0,-0,-0,-0,-0,-1.4568e+012,-0,-0,-0
:IRUSD_LIB6M, Gamma,-0,-0,-0,-0,-0,-0,-0,-0,-0,-0,-0,1.04e+011,-0,-0
:IRUSD_LIB6M, Gamma,-0,-0,-0,-0,-0,-0,-0,-0,-0,-0,-0,-0,-3.0762e+012,-0
:IRUSD_LIB6M, Gamma,-0,-0,-0,-0,-0,-0,-0,-0,-0,-0,-0,-0,-0,-2.0607e+012
:IRUSD_MBS_CC_OAS, Delta,1.3547e+008
:IRUSD_MBS_CC_OAS, Gamma,-0
:IRUSD_MUAAA, Delta,-3.47665e+008,-4.851e+007,-1.2791e+008,-4.978e+007,2.3526e+008,2.595e+007,-3.95e+006,1.3648e+008,-1.3866e+008,2.0036e+008
:IRUSD_MUAAA, Gamma,2.0554e+012,-0,-0,-0,-0,-0,-0,-0,-0,-0
:IRUSD_MUAAA, Gamma,-0,-9.36e+011,-0,-0,-0,-0,-0,-0,-0,-0
:IRUSD_MUAAA, Gamma,-0,-0,-1.42e+011,-0,-0,-0,-0,-0,-0,-0
:IRUSD_MUAAA, Gamma,-0,-0,-0,4.978e+011,-0,-0,-0,-0,-0,-0
:IRUSD_MUAAA, Gamma,-0,-0,-0,-0,-2.3526e+012,-0,-0,-0,-0,-0
:IRUSD_MUAAA, Gamma,-0,-0,-0,-0,-0,-2.595e+011,-0,-0,-0,-0
:IRUSD_MUAAA, Gamma,-0,-0,-0,-0,-0,-0,3.95e+010,-0,-0,-0
:IRUSD_MUAAA, Gamma,-0,-0,-0,-0,-0,-0,-0,-1.3648e+012,-0,-0
:IRUSD_MUAAA, Gamma,-0,-0,-0,-0,-0,-0,-0,-0,1.3866e+012,-0
:IRUSD_MUAAA, Gamma,-0,-0,-0,-0,-0,-0,-0,-0,-0,-2.0036e+012
:IRUSD_MUNI, Delta,2.532e+008,-1.8355e+008,2.4388e+008,-1.3053e+008,-4.208e+007,-4.244e+007,2.858e+007,6.26e+006,1.7812e+008,2.4656e+008,-1.068e+007,1.4667e+008,1.099e+007,1.7426e+008
:IRUSD_MUNI, Gamma,-2.532e+012,-0,-0,-0,-0,-0,-0,-0,-0,-0,-0,-0,-0,-0
:IRUSD_MUNI, Gamma,-0,1.8355e+012,-0,-0,-0,-0,-0,-0,-0,-0,-0,-0,-0,-0
:IRUSD_MUNI, Gamma,-0,-0,-2.4388e+012,-0,-0,-0,-0,-0,-0,-0,-0,-0,-0,-0
:IRUSD_MUNI, Gamma,-0,-0,-0,1.3053e+012,-0,-0,-0,-0,-0,-0,-0,-0,-0,-0
:IRUSD_MUNI, Gamma,-0,-0,-0,-0,4.208e+011,-0,-0,-0,-0,-0,-0,-0,-0,-0
:IRUSD_MUNI, Gamma,-0,-0,-0,-0,-0,4.244e+011,-0,-0,-0,-0,-0,-0,-0,-0
:IRUSD_MUNI, Gamma,-0,-0,-0,-0,-0,-0,-2.858e+011,-0,-0,-0,-0,-0,-0,-0
:IRUSD_MUNI, Gamma,-0,-0,-0,-0,-0,-0,-0,-6.26e+010,-0,-0,-0,-0,-0,-0
:IRUSD_MUNI, Gamma,-0,-0,-0,-0,-0,-0,-0,-0,-1.7812e+012,-0,-0,-0,-0,-0
:IRUSD_MUNI, Gamma,-0,-0,-0,-0,-0,-0,-0,-0,-0,-2.4656e+012,-0,-0,-0,-0
:IRUSD_MUNI, Gamma,-0,-0,-0,-0,-0,-0,-0,-0,-0,-0,1.068e+011,-0,-0,-0
:IRUSD_MUNI, Gamma,-0,-0,-0,-0,-0,-0,-0,-0,-0,-0,-0,-1.4667e+012,-0,-0
:IRUSD_MUNI, Gamma,-0,-0,-0,-0,-0,-0,-0,-0,-0,-0,-0,-0,-1.099e+011,-0
:IRUSD_MUNI, Gamma,-0,-0,-0,-0,-0,-0,-0,-0,-0,-0,-0,-0,-0,-1.7426e+012
:FXUSD, Delta,-1.8285e+007
:FXUSD, Gamma,-0
:IRUSD_Supranational, Delta,-2.916e+007,9.673e+007,1.4212e+008,2.2575e+008,-1.496e+008,2.295e+007,-9.04e+006,1.4264e+008,3.1342e+008
:IRUSD_Supranational, Gamma,2.916e+011,-0,-0,-0,-0,-0,-0,-0,-0
:IRUSD_Supranational, Gamma,-0,-9.673e+011,-0,-0,-0,-0,-0,-0,-0
:IRUSD_Supranational, Gamma,-0,-0,-1.4212e+012,-0,-0,-0,-0,-0,-0
:IRUSD_Supranational, Gamma,-0,-0,-0,-2.2575e+012,-0,-0,-0,-0,-0
:IRUSD_Supranational, Gamma,-0,-0,-0,-0,1.496e+012,-0,-0,-0,-0
:IRUSD_Supranational, Gamma,-0,-0,-0,-0,-0,-2.295e+011,-0,-0,-0
:IRUSD_Supranational, Gamma,-0,-0,-0,-0,-0,-0,9.04e+010,-0,-0
:IRUSD_Supranational, Gamma,-0,-0,-0,-0,-0,-0,-0,-1.4264e+012,-0
:IRUSD_Supranational, Gamma,-0,-0,-0,-0,-0,-0,-0,-0,-3.1342e+012
:IRUSD_Swaption, Delta,2.299e+008
:IRUSD_Swaption, Gamma,-2.299e+012
:FXUYU, Delta,1.56e+008
:FXUYU, Gamma,-0
:GBP_USD-Simulation, Delta,1.7387e+008
:GBP_USD-Simulation, Gamma,-0
:CAD_USD-Simulation, Delta,2.41175e+008
:CAD_USD-Simulation, Gamma,-0
:CHF_USD-Simulation, Delta,3.958e+007
:CHF_USD-Simulation, Gamma,-0
:JPY_USD-Simulation, Delta,2.695e+006
:JPY_USD-Simulation, Gamma,-0
:MXN_USD-Simulation, Delta,3.1535e+008
:MXN_USD-Simulation, Gamma,-0
:EUR_USD-Simulation, Delta,2.634e+008
:EUR_USD-Simulation, Gamma,-0
:EUR_GBP-Simulation, Delta,-8.426e+007
:EUR_GBP-Simulation, Gamma,0
:EUR_JPY-Simulation, Delta,-3.63e+006
:EUR_JPY-Simulation, Gamma,-0
:IRVEF_Interbank, Delta,1.3728e+008
:IRVEF_Interbank, Gamma,-1.3728e+012
:FXVEF, Delta,1.7924e+008
:FXVEF, Gamma,-0
:FXVND, Delta,7.195e+007
:FXVND, Gamma,-0
:FXXAF, Delta,7.6625e+007
:FXXAF, Gamma,0
:FXXCD, Delta,-3.2545e+007
:FXXCD, Gamma,-0
:FXXOF, Delta,1.768e+008
:FXXOF, Gamma,-0
:FXXPF, Delta,1.84575e+008
:FXXPF, Gamma,-0
:FXYER, Delta,1.8039e+008
:FXYER, Gamma,-0
:FXZAR, Delta,1.632e+007
:FXZAR, Gamma,-0
:FXZMK, Delta,1.813e+007
:FXZMK, Gamma,-0
:FXZMW, Delta,9.388e+007
:FXZMW, Gamma,-0
